,Demand,Lost Load,Electric resistance production,Curtailment
2017-01-07 00:00:00,0.0,0.0,0.0,0.0
2017-01-07 00:01:00,0.0,0.0,0.0,0.0
2017-01-07 00:02:00,0.0,0.0,0.0,0.0
2017-01-07 00:03:00,0.0,0.0,0.0,0.0
2017-01-07 00:04:00,0.0,0.0,0.0,0.0
2017-01-07 00:05:00,0.0,0.0,0.0,0.0
2017-01-07 00:06:00,0.0,0.0,0.0,0.0
2017-01-07 00:07:00,0.0,0.0,0.0,0.0
2017-01-07 00:08:00,0.0,0.0,0.0,0.0
2017-01-07 00:09:00,0.0,0.0,0.0,0.0
2017-01-07 00:10:00,0.0,0.0,0.0,0.0
2017-01-07 00:11:00,0.0,0.0,0.0,0.0
2017-01-07 00:12:00,0.0,0.0,0.0,0.0
2017-01-07 00:13:00,0.0,0.0,0.0,0.0
2017-01-07 00:14:00,0.0,0.0,0.0,0.0
2017-01-07 00:15:00,0.0,0.0,0.0,0.0
2017-01-07 00:16:00,0.0,0.0,0.0,0.0
2017-01-07 00:17:00,0.0,0.0,0.0,0.0
2017-01-07 00:18:00,0.0,0.0,0.0,0.0
2017-01-07 00:19:00,0.0,0.0,0.0,0.0
2017-01-07 00:20:00,0.0,0.0,0.0,0.0
2017-01-07 00:21:00,0.0,0.0,0.0,0.0
2017-01-07 00:22:00,0.0,0.0,0.0,0.0
2017-01-07 00:23:00,0.0,0.0,0.0,0.0
2017-01-07 00:24:00,9.787,7.04800662430804e-07,9.787119938606768,0.0001206434074294549
2017-01-07 00:25:00,9.787,7.047782102911421e-07,9.787119994163373,0.00012069894158273087
2017-01-07 00:26:00,0.0,0.0,0.0,0.0
2017-01-07 00:27:00,0.0,0.0,0.0,0.0
2017-01-07 00:28:00,0.0,0.0,0.0,0.0
2017-01-07 00:29:00,0.0,0.0,0.0,0.0
2017-01-07 00:30:00,0.0,0.0,0.0,0.0
2017-01-07 00:31:00,0.0,0.0,0.0,0.0
2017-01-07 00:32:00,0.0,0.0,0.0,0.0
2017-01-07 00:33:00,0.0,0.0,0.0,0.0
2017-01-07 00:34:00,0.0,0.0,0.0,0.0
2017-01-07 00:35:00,0.0,0.0,0.0,0.0
2017-01-07 00:36:00,0.0,0.0,0.0,0.0
2017-01-07 00:37:00,0.0,0.0,0.0,0.0
2017-01-07 00:38:00,0.0,0.0,0.0,0.0
2017-01-07 00:39:00,0.0,0.0,0.0,0.0
2017-01-07 00:40:00,0.0,0.0,0.0,0.0
2017-01-07 00:41:00,14.788,7.035251488163969e-07,14.788151189789051,0.00015189331420017993
2017-01-07 00:42:00,14.788,7.035939203838985e-07,14.78814932706867,0.00015003066259033915
2017-01-07 00:43:00,25.892,7.028491798753239e-07,25.892149289070826,0.00014999192000786365
2017-01-07 00:44:00,11.104,7.043885098468645e-07,11.104124527235763,0.0001252316242741358
2017-01-07 00:45:00,11.104,7.044020211544971e-07,11.104124499499212,0.00012520390123427205
2017-01-07 00:46:00,11.104,7.043835250656135e-07,11.104124812659911,0.00012551704343799486
2017-01-07 00:47:00,11.104,7.044352326709199e-07,11.104124225161904,0.00012492959713661378
2017-01-07 00:48:00,11.104,7.045195462192775e-07,11.104122774961242,0.00012347948078961224
2017-01-07 00:49:00,11.104,7.044713691006381e-07,11.104123858960298,0.00012456343166711292
2017-01-07 00:50:00,11.104,7.044812251358427e-07,11.104123867277682,0.0001245717589082318
2017-01-07 00:51:00,0.0,0.0,0.0,0.0
2017-01-07 00:52:00,0.0,0.0,0.0,0.0
2017-01-07 00:53:00,0.0,0.0,0.0,0.0
2017-01-07 00:54:00,0.0,0.0,0.0,0.0
2017-01-07 00:55:00,8.253,7.058364268103419e-07,8.25310000403174,0.00010070986816757
2017-01-07 00:56:00,8.253,7.057909902993023e-07,8.253100836211663,0.00010154200265333202
2017-01-07 00:57:00,8.253,7.058137496832387e-07,8.253100636115734,0.00010134192948463294
2017-01-07 00:58:00,8.253,7.058428871430718e-07,8.253100357759267,0.0001010636021536726
2017-01-07 00:59:00,8.253,7.057336472336223e-07,8.25310189976706,0.00010260550070739782
2017-01-07 01:00:00,8.253,7.05762649832068e-07,8.253101640148172,0.00010234591082181055
2017-01-07 01:01:00,8.253,7.057793781049284e-07,8.253101539350352,0.0001022451297298943
2017-01-07 01:02:00,8.253,7.058278693056072e-07,8.253101066316699,0.00010177214456774664
2017-01-07 01:03:00,8.253,7.057761586054458e-07,8.253101687471778,0.00010239324793737126
2017-01-07 01:04:00,0.0,0.0,0.0,0.0
2017-01-07 01:05:00,0.0,0.0,0.0,0.0
2017-01-07 01:06:00,0.0,0.0,0.0,0.0
2017-01-07 01:07:00,0.0,0.0,0.0,0.0
2017-01-07 01:08:00,0.0,0.0,0.0,0.0
2017-01-07 01:09:00,0.0,0.0,0.0,0.0
2017-01-07 01:10:00,0.0,0.0,0.0,0.0
2017-01-07 01:11:00,0.0,0.0,0.0,0.0
2017-01-07 01:12:00,0.0,0.0,0.0,0.0
2017-01-07 01:13:00,0.0,0.0,0.0,0.0
2017-01-07 01:14:00,0.0,0.0,0.0,0.0
2017-01-07 01:15:00,0.0,0.0,0.0,0.0
2017-01-07 01:16:00,0.0,0.0,0.0,0.0
2017-01-07 01:17:00,0.0,0.0,0.0,0.0
2017-01-07 01:18:00,0.0,0.0,0.0,0.0
2017-01-07 01:19:00,0.0,0.0,0.0,0.0
2017-01-07 01:20:00,0.0,0.0,0.0,0.0
2017-01-07 01:21:00,0.0,0.0,0.0,0.0
2017-01-07 01:22:00,0.0,0.0,0.0,0.0
2017-01-07 01:23:00,0.0,0.0,0.0,0.0
2017-01-07 01:24:00,0.0,0.0,0.0,0.0
2017-01-07 01:25:00,0.0,0.0,0.0,0.0
2017-01-07 01:26:00,0.0,0.0,0.0,0.0
2017-01-07 01:27:00,0.0,0.0,0.0,0.0
2017-01-07 01:28:00,0.0,0.0,0.0,0.0
2017-01-07 01:29:00,0.0,0.0,0.0,0.0
2017-01-07 01:30:00,0.0,0.0,0.0,0.0
2017-01-07 01:31:00,0.0,0.0,0.0,0.0
2017-01-07 01:32:00,0.0,0.0,0.0,0.0
2017-01-07 01:33:00,13.128,7.046053003718358e-07,13.12814458545931,0.00014529006461039273
2017-01-07 01:34:00,13.128,7.045290933631147e-07,13.128144508673074,0.00014521320216687172
2017-01-07 01:35:00,19.014,7.037681835616797e-07,19.01417497017894,0.00017567394712258988
2017-01-07 01:36:00,19.014,7.037809687998121e-07,19.014175244872956,0.00017594865392567272
2017-01-07 01:37:00,19.014,7.038226697835833e-07,19.01417587534541,0.00017657916808033747
2017-01-07 01:38:00,19.014,7.038275569082103e-07,19.014175872396194,0.0001765762237511126
2017-01-07 01:39:00,33.057,7.031482327223579e-07,33.05716793209811,0.0001686352463394769
2017-01-07 01:40:00,33.057,7.024575391102175e-07,33.05718656663549,0.00018726909302557715
2017-01-07 01:41:00,19.014,7.033323875758066e-07,19.014174489894412,0.00017519322679859783
2017-01-07 01:42:00,19.014,7.03327752673251e-07,19.014174571398602,0.0001752747263559229
2017-01-07 01:43:00,13.128,7.043344410061919e-07,13.1281371060115,0.00013781034594195773
2017-01-07 01:44:00,13.128,7.043449857580718e-07,13.12813693340278,0.00013763774776620608
2017-01-07 01:45:00,13.128,7.043426663162598e-07,13.128137012058035,0.00013771640070103786
2017-01-07 01:46:00,0.0,0.0,0.0,0.0
2017-01-07 01:47:00,0.0,0.0,0.0,0.0
2017-01-07 01:48:00,0.0,0.0,0.0,0.0
2017-01-07 01:49:00,0.0,0.0,0.0,0.0
2017-01-07 01:50:00,0.0,0.0,0.0,0.0
2017-01-07 01:51:00,0.0,0.0,0.0,0.0
2017-01-07 01:52:00,0.0,0.0,0.0,0.0
2017-01-07 01:53:00,0.0,0.0,0.0,0.0
2017-01-07 01:54:00,0.0,0.0,0.0,0.0
2017-01-07 01:55:00,0.0,0.0,0.0,0.0
2017-01-07 01:56:00,0.0,0.0,0.0,0.0
2017-01-07 01:57:00,0.0,0.0,0.0,0.0
2017-01-07 01:58:00,0.0,0.0,0.0,0.0
2017-01-07 01:59:00,0.0,0.0,0.0,0.0
2017-01-07 02:00:00,0.0,0.0,0.0,0.0
2017-01-07 02:01:00,12.725,7.049285994435402e-07,12.725139543006009,0.00014024793460798435
2017-01-07 02:02:00,12.725,7.049331259819318e-07,12.725139538347763,0.00014024328088879656
2017-01-07 02:03:00,12.725,7.048431172097542e-07,12.725141274703045,0.0001419795461625739
2017-01-07 02:04:00,12.725,7.048606648337119e-07,12.725141030907048,0.0001417357677127029
2017-01-07 02:05:00,12.725,7.04896833073556e-07,12.725140552543841,0.0001412574406742806
2017-01-07 02:06:00,12.725,7.049107371350654e-07,12.725140243614637,0.00014094852537560598
2017-01-07 02:07:00,12.725,7.049142243238475e-07,12.725140232009787,0.0001409369240121805
2017-01-07 02:08:00,12.725,7.048673224522195e-07,12.725141083902123,0.00014178876944548335
2017-01-07 02:09:00,0.0,0.0,0.0,0.0
2017-01-07 02:10:00,0.0,0.0,0.0,0.0
2017-01-07 02:11:00,0.0,0.0,0.0,0.0
2017-01-07 02:12:00,0.0,0.0,0.0,0.0
2017-01-07 02:13:00,0.0,0.0,0.0,0.0
2017-01-07 02:14:00,0.0,0.0,0.0,0.0
2017-01-07 02:15:00,0.0,0.0,0.0,0.0
2017-01-07 02:16:00,0.0,0.0,0.0,0.0
2017-01-07 02:17:00,0.0,0.0,0.0,0.0
2017-01-07 02:18:00,0.0,0.0,0.0,0.0
2017-01-07 02:19:00,0.0,0.0,0.0,0.0
2017-01-07 02:20:00,0.0,0.0,0.0,0.0
2017-01-07 02:21:00,0.0,0.0,0.0,0.0
2017-01-07 02:22:00,0.0,0.0,0.0,0.0
2017-01-07 02:23:00,0.0,0.0,0.0,0.0
2017-01-07 02:24:00,0.0,0.0,0.0,0.0
2017-01-07 02:25:00,12.605,7.04127429493578e-07,12.60514739260035,0.00014809672777893468
2017-01-07 02:26:00,12.605,7.041191975613116e-07,12.605147221689831,0.0001479258090277824
2017-01-07 02:27:00,12.605,7.050399103300059e-07,12.605137854476204,0.00013855951611496664
2017-01-07 02:28:00,12.605,7.049690070259446e-07,12.605139585459595,0.00014029042860208563
2017-01-07 02:29:00,12.605,7.049252234557507e-07,12.60514025929701,0.0001409642222327534
2017-01-07 02:30:00,12.605,7.048557160918833e-07,12.605140516307578,0.00014122116329495782
2017-01-07 02:31:00,0.0,0.0,0.0,0.0
2017-01-07 02:32:00,0.0,0.0,0.0,0.0
2017-01-07 02:33:00,0.0,0.0,0.0,0.0
2017-01-07 02:34:00,0.0,0.0,0.0,0.0
2017-01-07 02:35:00,0.0,0.0,0.0,0.0
2017-01-07 02:36:00,0.0,0.0,0.0,0.0
2017-01-07 02:37:00,0.0,0.0,0.0,0.0
2017-01-07 02:38:00,0.0,0.0,0.0,0.0
2017-01-07 02:39:00,0.0,0.0,0.0,0.0
2017-01-07 02:40:00,0.0,0.0,0.0,0.0
2017-01-07 02:41:00,0.0,0.0,0.0,0.0
2017-01-07 02:42:00,0.0,0.0,0.0,0.0
2017-01-07 02:43:00,0.0,0.0,0.0,0.0
2017-01-07 02:44:00,0.0,0.0,0.0,0.0
2017-01-07 02:45:00,0.0,0.0,0.0,0.0
2017-01-07 02:46:00,0.0,0.0,0.0,0.0
2017-01-07 02:47:00,0.0,0.0,0.0,0.0
2017-01-07 02:48:00,0.0,0.0,0.0,0.0
2017-01-07 02:49:00,0.0,0.0,0.0,0.0
2017-01-07 02:50:00,0.0,0.0,0.0,0.0
2017-01-07 02:51:00,9.755,7.058509509372111e-07,9.755114191872657,0.00011489772360739892
2017-01-07 02:52:00,9.755,7.058457029589167e-07,9.755114236169762,0.00011494201546469185
2017-01-07 02:53:00,9.755,7.048318770602773e-07,9.755126184462146,0.00012688929402138172
2017-01-07 02:54:00,0.0,0.0,0.0,0.0
2017-01-07 02:55:00,0.0,0.0,0.0,0.0
2017-01-07 02:56:00,0.0,0.0,0.0,0.0
2017-01-07 02:57:00,0.0,0.0,0.0,0.0
2017-01-07 02:58:00,0.0,0.0,0.0,0.0
2017-01-07 02:59:00,0.0,0.0,0.0,0.0
2017-01-07 03:00:00,0.0,0.0,0.0,0.0
2017-01-07 03:01:00,0.0,0.0,0.0,0.0
2017-01-07 03:02:00,0.0,0.0,0.0,0.0
2017-01-07 03:03:00,0.0,0.0,0.0,0.0
2017-01-07 03:04:00,0.0,0.0,0.0,0.0
2017-01-07 03:05:00,0.0,0.0,0.0,0.0
2017-01-07 03:06:00,0.0,0.0,0.0,0.0
2017-01-07 03:07:00,0.0,0.0,0.0,0.0
2017-01-07 03:08:00,0.0,0.0,0.0,0.0
2017-01-07 03:09:00,0.0,0.0,0.0,0.0
2017-01-07 03:10:00,0.0,0.0,0.0,0.0
2017-01-07 03:11:00,7.314,7.062656823727522e-07,7.314071409499065,7.211576474741577e-05
2017-01-07 03:12:00,7.314,7.062518429657555e-07,7.314071537447744,7.224369958702681e-05
2017-01-07 03:13:00,7.314,7.063228160014722e-07,7.314069678107935,7.03844307512469e-05
2017-01-07 03:14:00,7.314,7.069566941504983e-07,7.31408431749554,8.502445223435018e-05
2017-01-07 03:15:00,7.314,7.06880165401164e-07,7.314086031572567,8.673845273232672e-05
2017-01-07 03:16:00,0.0,0.0,0.0,0.0
2017-01-07 03:17:00,0.0,0.0,0.0,0.0
2017-01-07 03:18:00,0.0,0.0,0.0,0.0
2017-01-07 03:19:00,0.0,0.0,0.0,0.0
2017-01-07 03:20:00,5.368,7.082526159816479e-07,5.368055230849733,5.5939102348467884e-05
2017-01-07 03:21:00,5.368,7.081910755847782e-07,5.36805631152771,5.7019718784800943e-05
2017-01-07 03:22:00,0.0,0.0,0.0,0.0
2017-01-07 03:23:00,0.0,0.0,0.0,0.0
2017-01-07 03:24:00,0.0,0.0,0.0,0.0
2017-01-07 03:25:00,0.0,0.0,0.0,0.0
2017-01-07 03:26:00,0.0,0.0,0.0,0.0
2017-01-07 03:27:00,0.0,0.0,0.0,0.0
2017-01-07 03:28:00,0.0,0.0,0.0,0.0
2017-01-07 03:29:00,0.0,0.0,0.0,0.0
2017-01-07 03:30:00,0.0,0.0,0.0,0.0
2017-01-07 03:31:00,0.0,0.0,0.0,0.0
2017-01-07 03:32:00,0.0,0.0,0.0,0.0
2017-01-07 03:33:00,0.0,0.0,0.0,0.0
2017-01-07 03:34:00,0.0,0.0,0.0,0.0
2017-01-07 03:35:00,0.0,0.0,0.0,0.0
2017-01-07 03:36:00,0.0,0.0,0.0,0.0
2017-01-07 03:37:00,0.0,0.0,0.0,0.0
2017-01-07 03:38:00,12.056,7.050265256208392e-07,12.056134068639247,0.00013477366577419048
2017-01-07 03:39:00,12.056,7.044019241817472e-07,12.05614423576729,0.00014494016921418051
2017-01-07 03:40:00,12.056,7.044016115141172e-07,12.05614429008873,0.0001449944903413325
2017-01-07 03:41:00,12.056,7.041048921062435e-07,12.056128937545303,0.0001296416501954667
2017-01-07 03:42:00,12.056,7.040507907679524e-07,12.056129530750924,0.0001302348017162558
2017-01-07 03:43:00,12.056,7.040486013183895e-07,12.05612951296696,0.00013021701556148457
2017-01-07 03:44:00,12.056,7.0402136693227e-07,12.05612972047023,0.00013042449159783587
2017-01-07 03:45:00,0.0,0.0,0.0,0.0
2017-01-07 03:46:00,0.0,0.0,0.0,0.0
2017-01-07 03:47:00,0.0,0.0,0.0,0.0
2017-01-07 03:48:00,0.0,0.0,0.0,0.0
2017-01-07 03:49:00,0.0,0.0,0.0,0.0
2017-01-07 03:50:00,0.0,0.0,0.0,0.0
2017-01-07 03:51:00,0.0,0.0,0.0,0.0
2017-01-07 03:52:00,0.0,0.0,0.0,0.0
2017-01-07 03:53:00,0.0,0.0,0.0,0.0
2017-01-07 03:54:00,0.0,0.0,0.0,0.0
2017-01-07 03:55:00,0.0,0.0,0.0,0.0
2017-01-07 03:56:00,0.0,0.0,0.0,0.0
2017-01-07 03:57:00,0.0,0.0,0.0,0.0
2017-01-07 03:58:00,0.0,0.0,0.0,0.0
2017-01-07 03:59:00,0.0,0.0,0.0,0.0
2017-01-07 04:00:00,0.0,0.0,0.0,0.0
2017-01-07 04:01:00,0.0,0.0,0.0,0.0
2017-01-07 04:02:00,0.0,0.0,0.0,0.0
2017-01-07 04:03:00,0.0,0.0,0.0,0.0
2017-01-07 04:04:00,0.0,0.0,0.0,0.0
2017-01-07 04:05:00,0.0,0.0,0.0,0.0
2017-01-07 04:06:00,0.0,0.0,0.0,0.0
2017-01-07 04:07:00,0.0,0.0,0.0,0.0
2017-01-07 04:08:00,0.0,0.0,0.0,0.0
2017-01-07 04:09:00,0.0,0.0,0.0,0.0
2017-01-07 04:10:00,0.0,0.0,0.0,0.0
2017-01-07 04:11:00,0.0,0.0,0.0,0.0
2017-01-07 04:12:00,0.0,0.0,0.0,0.0
2017-01-07 04:13:00,0.0,0.0,0.0,0.0
2017-01-07 04:14:00,0.0,0.0,0.0,0.0
2017-01-07 04:15:00,0.0,0.0,0.0,0.0
2017-01-07 04:16:00,0.0,0.0,0.0,0.0
2017-01-07 04:17:00,0.0,0.0,0.0,0.0
2017-01-07 04:18:00,12.329,7.04830448925242e-07,12.329137077354826,0.00013778218527349395
2017-01-07 04:19:00,12.329,7.048851339280923e-07,12.32913584312305,0.00013654800818230228
2017-01-07 04:20:00,12.329,7.048759478433381e-07,12.329135940402823,0.00013664527877033095
2017-01-07 04:21:00,12.329,7.048716468753633e-07,12.329135956108205,0.00013666097985165493
2017-01-07 04:22:00,12.329,7.048570198441554e-07,12.32913610061056,0.000136805467578327
2017-01-07 04:23:00,12.329,7.043046936213657e-07,12.329145488180338,0.00014619248502967253
2017-01-07 04:24:00,12.329,7.043031204361259e-07,12.329145443686855,0.00014614798997492073
2017-01-07 04:25:00,12.329,7.043021873746636e-07,12.329145505067705,0.00014620936989295785
2017-01-07 04:26:00,12.329,7.048473560848878e-07,12.329136090549254,0.00013679539660849116
2017-01-07 04:27:00,12.329,7.047837200783893e-07,12.32913742280138,0.0001381275850995678
2017-01-07 04:28:00,12.329,7.047670849012262e-07,12.329137832902607,0.00013853766969162962
2017-01-07 04:29:00,12.329,7.047225980619785e-07,12.329138213734188,0.0001389184567859303
2017-01-07 04:30:00,12.329,7.048251156769269e-07,12.329136472259183,0.00013717708429794584
2017-01-07 04:31:00,12.329,7.047159283015856e-07,12.32913827189889,0.00013897661481721002
2017-01-07 04:32:00,0.0,0.0,0.0,0.0
2017-01-07 04:33:00,0.0,0.0,0.0,0.0
2017-01-07 04:34:00,0.0,0.0,0.0,0.0
2017-01-07 04:35:00,0.0,0.0,0.0,0.0
2017-01-07 04:36:00,0.0,0.0,0.0,0.0
2017-01-07 04:37:00,0.0,0.0,0.0,0.0
2017-01-07 04:38:00,0.0,0.0,0.0,0.0
2017-01-07 04:39:00,0.0,0.0,0.0,0.0
2017-01-07 04:40:00,0.0,0.0,0.0,0.0
2017-01-07 04:41:00,0.0,0.0,0.0,0.0
2017-01-07 04:42:00,0.0,0.0,0.0,0.0
2017-01-07 04:43:00,0.0,0.0,0.0,0.0
2017-01-07 04:44:00,0.0,0.0,0.0,0.0
2017-01-07 04:45:00,0.0,0.0,0.0,0.0
2017-01-07 04:46:00,0.0,0.0,0.0,0.0
2017-01-07 04:47:00,0.0,0.0,0.0,0.0
2017-01-07 04:48:00,0.0,0.0,0.0,0.0
2017-01-07 04:49:00,0.0,0.0,0.0,0.0
2017-01-07 04:50:00,0.0,0.0,0.0,0.0
2017-01-07 04:51:00,5.236,7.081465714582115e-07,5.236053141446479,5.3849593050436795e-05
2017-01-07 04:52:00,5.236,7.081395436651369e-07,5.2360532056812055,5.391382074915185e-05
2017-01-07 04:53:00,0.0,0.0,0.0,0.0
2017-01-07 04:54:00,0.0,0.0,0.0,0.0
2017-01-07 04:55:00,0.0,0.0,0.0,0.0
2017-01-07 04:56:00,0.0,0.0,0.0,0.0
2017-01-07 04:57:00,0.0,0.0,0.0,0.0
2017-01-07 04:58:00,0.0,0.0,0.0,0.0
2017-01-07 04:59:00,0.0,0.0,0.0,0.0
2017-01-07 05:00:00,0.0,0.0,0.0,0.0
2017-01-07 05:01:00,0.0,0.0,0.0,0.0
2017-01-07 05:02:00,0.0,0.0,0.0,0.0
2017-01-07 05:03:00,0.0,0.0,0.0,0.0
2017-01-07 05:04:00,0.0,0.0,0.0,0.0
2017-01-07 05:05:00,0.0,0.0,0.0,0.0
2017-01-07 05:06:00,0.0,0.0,0.0,0.0
2017-01-07 05:07:00,0.0,0.0,0.0,0.0
2017-01-07 05:08:00,0.0,0.0,0.0,0.0
2017-01-07 05:09:00,0.0,0.0,0.0,0.0
2017-01-07 05:10:00,0.0,0.0,0.0,0.0
2017-01-07 05:11:00,0.0,0.0,0.0,0.0
2017-01-07 05:12:00,0.0,0.0,0.0,0.0
2017-01-07 05:13:00,0.0,0.0,0.0,0.0
2017-01-07 05:14:00,0.0,0.0,0.0,0.0
2017-01-07 05:15:00,0.0,0.0,0.0,0.0
2017-01-07 05:16:00,0.0,0.0,0.0,0.0
2017-01-07 05:17:00,0.0,0.0,0.0,0.0
2017-01-07 05:18:00,0.0,0.0,0.0,0.0
2017-01-07 05:19:00,0.0,0.0,0.0,0.0
2017-01-07 05:20:00,0.0,0.0,0.0,0.0
2017-01-07 05:21:00,0.0,0.0,0.0,0.0
2017-01-07 05:22:00,0.0,0.0,0.0,0.0
2017-01-07 05:23:00,0.0,0.0,0.0,0.0
2017-01-07 05:24:00,0.0,0.0,0.0,0.0
2017-01-07 05:25:00,0.0,0.0,0.0,0.0
2017-01-07 05:26:00,0.0,0.0,0.0,0.0
2017-01-07 05:27:00,0.0,0.0,0.0,0.0
2017-01-07 05:28:00,0.0,0.0,0.0,0.0
2017-01-07 05:29:00,0.0,0.0,0.0,0.0
2017-01-07 05:30:00,0.0,0.0,0.0,0.0
2017-01-07 05:31:00,0.0,0.0,0.0,0.0
2017-01-07 05:32:00,0.0,0.0,0.0,0.0
2017-01-07 05:33:00,0.0,0.0,0.0,0.0
2017-01-07 05:34:00,0.0,0.0,0.0,0.0
2017-01-07 05:35:00,0.0,0.0,0.0,0.0
2017-01-07 05:36:00,0.0,0.0,0.0,0.0
2017-01-07 05:37:00,0.0,0.0,0.0,0.0
2017-01-07 05:38:00,0.0,0.0,0.0,0.0
2017-01-07 05:39:00,12.214,7.046111709012673e-07,12.214137482765507,0.00013818737667747882
2017-01-07 05:40:00,12.214,7.046151618366842e-07,12.214137482546342,0.00013818716150382215
2017-01-07 05:41:00,0.0,0.0,0.0,0.0
2017-01-07 05:42:00,0.0,0.0,0.0,0.0
2017-01-07 05:43:00,0.0,0.0,0.0,0.0
2017-01-07 05:44:00,0.0,0.0,0.0,0.0
2017-01-07 05:45:00,0.0,0.0,0.0,0.0
2017-01-07 05:46:00,0.0,0.0,0.0,0.0
2017-01-07 05:47:00,0.0,0.0,0.0,0.0
2017-01-07 05:48:00,0.0,0.0,0.0,0.0
2017-01-07 05:49:00,0.0,0.0,0.0,0.0
2017-01-07 05:50:00,0.0,0.0,0.0,0.0
2017-01-07 05:51:00,0.0,0.0,0.0,0.0
2017-01-07 05:52:00,0.0,0.0,0.0,0.0
2017-01-07 05:53:00,0.0,0.0,0.0,0.0
2017-01-07 05:54:00,0.0,0.0,0.0,0.0
2017-01-07 05:55:00,0.0,0.0,0.0,0.0
2017-01-07 05:56:00,0.0,0.0,0.0,0.0
2017-01-07 05:57:00,0.0,0.0,0.0,0.0
2017-01-07 05:58:00,0.0,0.0,0.0,0.0
2017-01-07 05:59:00,0.0,0.0,0.0,0.0
2017-01-07 06:00:00,0.0,0.0,0.0,0.0
2017-01-07 06:01:00,0.0,0.0,0.0,0.0
2017-01-07 06:02:00,0.0,0.0,0.0,0.0
2017-01-07 06:03:00,0.0,0.0,0.0,0.0
2017-01-07 06:04:00,0.0,0.0,0.0,0.0
2017-01-07 06:05:00,0.0,0.0,0.0,0.0
2017-01-07 06:06:00,0.0,0.0,0.0,0.0
2017-01-07 06:07:00,0.0,0.0,0.0,0.0
2017-01-07 06:08:00,0.0,0.0,0.0,0.0
2017-01-07 06:09:00,0.0,0.0,0.0,0.0
2017-01-07 06:10:00,11.851,7.046894721158463e-07,11.851134257504652,0.00013496219412445498
2017-01-07 06:11:00,11.851,7.047147045374401e-07,11.851134070038166,0.00013477475286904905
2017-01-07 06:12:00,0.0,0.0,0.0,0.0
2017-01-07 06:13:00,0.0,0.0,0.0,0.0
2017-01-07 06:14:00,7.967,7.061267405503087e-07,7.967094995048145,9.570117488522101e-05
2017-01-07 06:15:00,7.967,7.063003272301697e-07,7.9670925014613525,9.3207761680425e-05
2017-01-07 06:16:00,7.967,7.063691207312303e-07,7.967091099959048,9.180632816896406e-05
2017-01-07 06:17:00,22.333,7.03445674638968e-07,22.33318265729635,0.0001833607420280714
2017-01-07 06:18:00,22.333,7.033979857199921e-07,22.333184671568546,0.00018537496653436847
2017-01-07 06:19:00,22.333,7.034369697761825e-07,22.333182692170034,0.00018339560700653124
2017-01-07 06:20:00,14.367,7.043301270783555e-07,14.36714981719163,0.00015052152175520916
2017-01-07 06:21:00,14.367,7.039901223668905e-07,14.367159706573503,0.00016041056362503525
2017-01-07 06:22:00,14.367,7.041925826500346e-07,14.367153390473659,0.00015409466624127788
2017-01-07 06:23:00,0.0,0.0,0.0,0.0
2017-01-07 06:24:00,0.0,0.0,0.0,0.0
2017-01-07 06:25:00,0.0,0.0,0.0,0.0
2017-01-07 06:26:00,0.0,0.0,0.0,0.0
2017-01-07 06:27:00,0.0,0.0,0.0,0.0
2017-01-07 06:28:00,0.0,0.0,0.0,0.0
2017-01-07 06:29:00,0.0,0.0,0.0,0.0
2017-01-07 06:30:00,0.0,0.0,0.0,0.0
2017-01-07 06:31:00,0.0,0.0,0.0,0.0
2017-01-07 06:32:00,0.0,0.0,0.0,0.0
2017-01-07 06:33:00,0.0,0.0,0.0,0.0
2017-01-07 06:34:00,0.0,0.0,0.0,0.0
2017-01-07 06:35:00,0.0,0.0,0.0,0.0
2017-01-07 06:36:00,0.0,0.0,0.0,0.0
2017-01-07 06:37:00,0.0,0.0,0.0,0.0
2017-01-07 06:38:00,0.0,0.0,0.0,0.0
2017-01-07 06:39:00,0.0,0.0,0.0,0.0
2017-01-07 06:40:00,0.0,0.0,0.0,0.0
2017-01-07 06:41:00,0.0,0.0,0.0,0.0
2017-01-07 06:42:00,0.0,0.0,0.0,0.0
2017-01-07 06:43:00,0.0,0.0,0.0,0.0
2017-01-07 06:44:00,0.0,0.0,0.0,0.0
2017-01-07 06:45:00,0.0,0.0,0.0,0.0
2017-01-07 06:46:00,0.0,0.0,0.0,0.0
2017-01-07 06:47:00,0.0,0.0,0.0,0.0
2017-01-07 06:48:00,0.0,0.0,0.0,0.0
2017-01-07 06:49:00,0.0,0.0,0.0,0.0
2017-01-07 06:50:00,0.0,0.0,0.0,0.0
2017-01-07 06:51:00,0.0,0.0,0.0,0.0
2017-01-07 06:52:00,0.0,0.0,0.0,0.0
2017-01-07 06:53:00,0.0,0.0,0.0,0.0
2017-01-07 06:54:00,0.0,0.0,0.0,0.0
2017-01-07 06:55:00,0.0,0.0,0.0,0.0
2017-01-07 06:56:00,0.0,0.0,0.0,0.0
2017-01-07 06:57:00,0.0,0.0,0.0,0.0
2017-01-07 06:58:00,0.0,0.0,0.0,0.0
2017-01-07 06:59:00,0.0,0.0,0.0,0.0
2017-01-07 07:00:00,0.0,0.0,0.0,0.0
2017-01-07 07:01:00,0.0,0.0,0.0,0.0
2017-01-07 07:02:00,0.0,0.0,0.0,0.0
2017-01-07 07:03:00,0.0,0.0,0.0,0.0
2017-01-07 07:04:00,0.0,0.0,0.0,0.0
2017-01-07 07:05:00,0.0,0.0,0.0,0.0
2017-01-07 07:06:00,0.0,0.0,0.0,0.0
2017-01-07 07:07:00,0.0,0.0,0.0,0.0
2017-01-07 07:08:00,0.0,0.0,0.0,0.0
2017-01-07 07:09:00,5.687,7.071189688292323e-07,5.68706290017903,6.36072979984803e-05
2017-01-07 07:10:00,5.687,7.070290151974494e-07,5.687063629834768,6.433686378226611e-05
2017-01-07 07:11:00,5.687,7.069943834577127e-07,5.687064382697904,6.508969228669059e-05
2017-01-07 07:12:00,5.687,7.065650999169367e-07,5.687044421681941,4.512824704061558e-05
2017-01-07 07:13:00,5.687,7.067763443744372e-07,5.687041088296843,4.179507318724518e-05
2017-01-07 07:14:00,5.687,7.071190357809797e-07,5.687036451380019,3.715849905461255e-05
2017-01-07 07:15:00,5.687,7.07122086447985e-07,5.687036427507166,3.71346292515895e-05
2017-01-07 07:16:00,5.687,7.071788653863339e-07,5.687035733061587,3.6440240452684236e-05
2017-01-07 07:17:00,0.0,0.0,0.0,0.0
2017-01-07 07:18:00,0.0,0.0,0.0,0.0
2017-01-07 07:19:00,0.0,0.0,0.0,0.0
2017-01-07 07:20:00,0.0,0.0,0.0,0.0
2017-01-07 07:21:00,0.0,0.0,0.0,0.0
2017-01-07 07:22:00,0.0,0.0,0.0,0.0
2017-01-07 07:23:00,0.0,0.0,0.0,0.0
2017-01-07 07:24:00,0.0,0.0,0.0,0.0
2017-01-07 07:25:00,0.0,0.0,0.0,0.0
2017-01-07 07:26:00,0.0,0.0,0.0,0.0
2017-01-07 07:27:00,0.0,0.0,0.0,0.0
2017-01-07 07:28:00,0.0,0.0,0.0,0.0
2017-01-07 07:29:00,0.0,0.0,0.0,0.0
2017-01-07 07:30:00,0.0,0.0,0.0,0.0
2017-01-07 07:31:00,0.0,0.0,0.0,0.0
2017-01-07 07:32:00,0.0,0.0,0.0,0.0
2017-01-07 07:33:00,0.0,0.0,0.0,0.0
2017-01-07 07:34:00,0.0,0.0,0.0,0.0
2017-01-07 07:35:00,14.193,7.041049634733636e-07,14.193141519835065,0.0001422239400277192
2017-01-07 07:36:00,14.193,7.040195429455754e-07,14.193142262783631,0.00014296680317471555
2017-01-07 07:37:00,0.0,0.0,0.0,0.0
2017-01-07 07:38:00,0.0,0.0,0.0,0.0
2017-01-07 07:39:00,0.0,0.0,0.0,0.0
2017-01-07 07:40:00,11.362,7.048272008586043e-07,11.36209544360542,9.6148432620069e-05
2017-01-07 07:41:00,5.178,7.090526892617496e-07,5.178030749825208,3.1458877897350135e-05
2017-01-07 07:42:00,0.0,0.0,0.0,0.0
2017-01-07 07:43:00,0.0,0.0,0.0,0.0
2017-01-07 07:44:00,0.0,0.0,0.0,0.0
2017-01-07 07:45:00,0.0,0.0,0.0,0.0
2017-01-07 07:46:00,0.0,0.0,0.0,0.0
2017-01-07 07:47:00,0.0,0.0,0.0,0.0
2017-01-07 07:48:00,0.0,0.0,0.0,0.0
2017-01-07 07:49:00,0.0,0.0,0.0,0.0
2017-01-07 07:50:00,0.0,0.0,0.0,0.0
2017-01-07 07:51:00,0.0,0.0,0.0,0.0
2017-01-07 07:52:00,0.0,0.0,0.0,0.0
2017-01-07 07:53:00,0.0,0.0,0.0,0.0
2017-01-07 07:54:00,0.0,0.0,0.0,0.0
2017-01-07 07:55:00,0.0,0.0,0.0,0.0
2017-01-07 07:56:00,7.696,7.06282200646548e-07,7.696048476378105,4.918266030617957e-05
2017-01-07 07:57:00,7.696,7.06502161220229e-07,7.6960444575453275,4.516404748944325e-05
2017-01-07 07:58:00,7.696,7.064734242170548e-07,7.696044940996709,4.5647470133580725e-05
2017-01-07 07:59:00,7.696,7.064204394633582e-07,7.696045860171765,4.6566592204477786e-05
2017-01-07 08:00:00,7.696,7.060252132209185e-07,7.696052987028122,5.3693053335912566e-05
2017-01-07 08:01:00,7.696,7.056387315613089e-07,7.696060986190013,6.169182874504742e-05
2017-01-07 08:02:00,7.696,7.057322428378983e-07,7.696058976915494,5.9682647736813976e-05
2017-01-07 08:03:00,7.696,7.059182583633503e-07,7.696055150104707,5.5856022965095065e-05
2017-01-07 08:04:00,7.696,7.060291395032049e-07,7.696052877878145,5.358390728460449e-05
2017-01-07 08:05:00,18.022,7.029831871885046e-07,18.022162078944767,0.00016278192795482482
2017-01-07 08:06:00,18.022,7.030936859362568e-07,18.022162376317713,0.0001630794114007017
2017-01-07 08:07:00,10.325,7.048771196791598e-07,10.325107202402286,0.00010790727940701572
2017-01-07 08:08:00,10.325,7.049157487307503e-07,10.325106547628035,0.0001072525437848526
2017-01-07 08:09:00,10.325,7.050781159236019e-07,10.32510379367512,0.00010449875323814695
2017-01-07 08:10:00,10.325,7.050592523590829e-07,10.325102939425154,0.00010364448440647323
2017-01-07 08:11:00,10.325,7.051621109416012e-07,10.32510101599091,0.00010172115302253815
2017-01-07 08:12:00,10.325,7.051675716422185e-07,10.325100868516234,0.00010157368380703247
2017-01-07 08:13:00,10.325,7.053669917405188e-07,10.325097028997178,9.773436416971037e-05
2017-01-07 08:14:00,18.036,7.031651545336544e-07,18.036162797979237,0.00016350114438878904
2017-01-07 08:15:00,18.036,7.029956221074574e-07,18.036162598542568,0.00016330153818699955
2017-01-07 08:16:00,7.71,7.058335739819354e-07,7.710076757685144,7.746351871773527e-05
2017-01-07 08:17:00,7.71,7.063723647575073e-07,7.71006508552048,6.579189284483533e-05
2017-01-07 08:18:00,0.0,0.0,0.0,0.0
2017-01-07 08:19:00,0.0,0.0,0.0,0.0
2017-01-07 08:20:00,5.237,7.078561985546196e-07,5.237037029350878,3.773720707656025e-05
2017-01-07 08:21:00,5.237,7.077623626360513e-07,5.237038107720804,3.8815483166310116e-05
2017-01-07 08:22:00,5.237,7.07607212521426e-07,5.237040064516309,4.077212352182613e-05
2017-01-07 08:23:00,5.237,7.076915806309027e-07,5.23703890247917,3.961017075049256e-05
2017-01-07 08:24:00,5.237,7.076004748552149e-07,5.23704005266779,4.076026826460577e-05
2017-01-07 08:25:00,11.682,7.042100049603332e-07,11.68210826076845,0.0001089649784535851
2017-01-07 08:26:00,11.682,7.041138343820506e-07,11.682110147384716,0.00011085149854928034
2017-01-07 08:27:00,11.682,7.041087707543921e-07,11.682110220618581,0.00011092472735185765
2017-01-07 08:28:00,5.237,7.083945891103765e-07,5.23703063239768,3.134079226896347e-05
2017-01-07 08:29:00,5.237,7.080396031087637e-07,5.237029690247649,3.0398287251820477e-05
2017-01-07 08:30:00,5.237,7.086587678634549e-07,5.237030976564017,3.168522278507169e-05
2017-01-07 08:31:00,5.237,7.091484954206814e-07,5.2370295618606075,3.027100910291125e-05
2017-01-07 08:32:00,0.0,0.0,0.0,0.0
2017-01-07 08:33:00,0.0,0.0,0.0,0.0
2017-01-07 08:34:00,6.011,7.072679824766958e-07,6.011043169535942,4.387680392436977e-05
2017-01-07 08:35:00,6.011,7.070044766719816e-07,6.011047443530445,4.815053492102095e-05
2017-01-07 08:36:00,6.011,7.06905198740674e-07,6.01104908821964,4.9795124838603044e-05
2017-01-07 08:37:00,6.011,7.065687265332237e-07,6.011055128480338,5.5835049064256737e-05
2017-01-07 08:38:00,6.011,7.066908797084533e-07,6.011052780969006,5.348765988610893e-05
2017-01-07 08:39:00,6.011,7.068088073763961e-07,6.011050556081897,5.126289070389589e-05
2017-01-07 08:40:00,6.011,7.065358745839405e-07,6.01105435846404,5.506499991447811e-05
2017-01-07 08:41:00,6.011,7.064675842267118e-07,6.011055551553058,5.6258020642019346e-05
2017-01-07 08:42:00,6.011,7.063729932634216e-07,6.011057254466205,5.7960839197512826e-05
2017-01-07 08:43:00,6.011,7.062767123170035e-07,6.011059006135547,5.971241225921631e-05
2017-01-07 08:44:00,6.011,7.06492450112294e-07,6.011054821771842,5.552826429244817e-05
2017-01-07 08:45:00,0.0,0.0,0.0,0.0
2017-01-07 08:46:00,0.0,0.0,0.0,0.0
2017-01-07 08:47:00,0.0,0.0,0.0,0.0
2017-01-07 08:48:00,0.0,0.0,0.0,0.0
2017-01-07 08:49:00,0.0,0.0,0.0,0.0
2017-01-07 08:50:00,0.0,0.0,0.0,0.0
2017-01-07 08:51:00,0.0,0.0,0.0,0.0
2017-01-07 08:52:00,0.0,0.0,0.0,0.0
2017-01-07 08:53:00,0.0,0.0,0.0,0.0
2017-01-07 08:54:00,0.0,0.0,0.0,0.0
2017-01-07 08:55:00,0.0,0.0,0.0,0.0
2017-01-07 08:56:00,0.0,0.0,0.0,0.0
2017-01-07 08:57:00,0.0,0.0,0.0,0.0
2017-01-07 08:58:00,0.0,0.0,0.0,0.0
2017-01-07 08:59:00,0.0,0.0,0.0,0.0
2017-01-07 09:00:00,0.0,0.0,0.0,0.0
2017-01-07 09:01:00,14.83,7.023143889358724e-07,14.830147087951564,0.00014779026595412859
2017-01-07 09:02:00,14.83,7.022883608221939e-07,14.830147032728163,0.00014773501652420862
2017-01-07 09:03:00,14.83,7.02256249691721e-07,14.830146974323048,0.00014767657929759537
2017-01-07 09:04:00,14.83,7.022708851300765e-07,14.830147013860538,0.000147716131422726
2017-01-07 09:05:00,14.83,7.022619360607806e-07,14.830146972418039,0.00014767467997423012
2017-01-07 09:06:00,14.83,7.022015872478789e-07,14.83014806655089,0.00014876875247793464
2017-01-07 09:07:00,14.83,7.021833449551249e-07,14.830148182370506,0.00014888455384998167
2017-01-07 09:08:00,14.83,7.022079551009688e-07,14.830148022818697,0.00014872502665319587
2017-01-07 09:09:00,0.0,0.0,0.0,0.0
2017-01-07 09:10:00,0.0,0.0,0.0,0.0
2017-01-07 09:11:00,0.0,0.0,0.0,0.0
2017-01-07 09:12:00,0.0,0.0,0.0,0.0
2017-01-07 09:13:00,0.0,0.0,0.0,0.0
2017-01-07 09:14:00,0.0,0.0,0.0,0.0
2017-01-07 09:15:00,0.0,0.0,0.0,0.0
2017-01-07 09:16:00,0.0,0.0,0.0,0.0
2017-01-07 09:17:00,0.0,0.0,0.0,0.0
2017-01-07 09:18:00,13.861,7.021281848098611e-07,13.861144261661074,0.0001449637892587674
2017-01-07 09:19:00,13.861,7.020943057585362e-07,13.861144956969847,0.0001456590641524258
2017-01-07 09:20:00,13.861,7.020497199418082e-07,13.861144947634106,0.00014564968382480004
2017-01-07 09:21:00,13.861,7.020407221137992e-07,13.86114524688048,0.00014594892120101122
2017-01-07 09:22:00,13.861,7.020367670631839e-07,13.861145391819633,0.00014609385639907657
2017-01-07 09:23:00,13.861,7.020382433395197e-07,13.861145222381436,0.00014592441967842262
2017-01-07 09:24:00,13.861,7.01992507819724e-07,13.861143883480818,0.0001445854733255203
2017-01-07 09:25:00,13.861,7.019834198780889e-07,13.861143857963299,0.00014455994671891403
2017-01-07 09:26:00,13.861,7.020044558822585e-07,13.861146475638458,0.00014717764291383162
2017-01-07 09:27:00,0.0,0.0,0.0,0.0
2017-01-07 09:28:00,0.0,0.0,0.0,0.0
2017-01-07 09:29:00,0.0,0.0,0.0,0.0
2017-01-07 09:30:00,0.0,0.0,0.0,0.0
2017-01-07 09:31:00,0.0,0.0,0.0,0.0
2017-01-07 09:32:00,0.0,0.0,0.0,0.0
2017-01-07 09:33:00,0.0,0.0,0.0,0.0
2017-01-07 09:34:00,0.0,0.0,0.0,0.0
2017-01-07 09:35:00,0.0,0.0,0.0,0.0
2017-01-07 09:36:00,0.0,0.0,0.0,0.0
2017-01-07 09:37:00,0.0,0.0,0.0,0.0
2017-01-07 09:38:00,0.0,0.0,0.0,0.0
2017-01-07 09:39:00,0.0,0.0,0.0,0.0
2017-01-07 09:40:00,0.0,0.0,0.0,0.0
2017-01-07 09:41:00,0.0,0.0,0.0,0.0
2017-01-07 09:42:00,0.0,0.0,0.0,0.0
2017-01-07 09:43:00,0.0,0.0,0.0,0.0
2017-01-07 09:44:00,0.0,0.0,0.0,0.0
2017-01-07 09:45:00,0.0,0.0,0.0,0.0
2017-01-07 09:46:00,0.0,0.0,0.0,0.0
2017-01-07 09:47:00,0.0,0.0,0.0,0.0
2017-01-07 09:48:00,0.0,0.0,0.0,0.0
2017-01-07 09:49:00,0.0,0.0,0.0,0.0
2017-01-07 09:50:00,0.0,0.0,0.0,0.0
2017-01-07 09:51:00,0.0,0.0,0.0,0.0
2017-01-07 09:52:00,0.0,0.0,0.0,0.0
2017-01-07 09:53:00,0.0,0.0,0.0,0.0
2017-01-07 09:54:00,0.0,0.0,0.0,0.0
2017-01-07 09:55:00,0.0,0.0,0.0,0.0
2017-01-07 09:56:00,0.0,0.0,0.0,0.0
2017-01-07 09:57:00,10.285,7.023832150782083e-07,10.285128878562922,0.00012958094613679805
2017-01-07 09:58:00,10.285,7.023527390090573e-07,10.285128893625952,0.0001295959786915546
2017-01-07 09:59:00,19.582,7.011909254255809e-07,19.582157223153235,0.00015792434415828893
2017-01-07 10:00:00,19.582,7.011926430914531e-07,19.5821578626817,0.00015856387434354247
2017-01-07 10:01:00,27.239,7.017058900307595e-07,27.23911063892927,0.00011134063515783055
2017-01-07 10:02:00,53.299,7.013609920531366e-07,53.299104010403894,0.00010471176488380252
2017-01-07 10:03:00,53.299,7.013608685657889e-07,53.299104022085814,0.00010472344668244205
2017-01-07 10:04:00,53.299,7.00603941947671e-07,53.29912392232442,0.00012462292836090683
2017-01-07 10:05:00,61.942,7.005474039964026e-07,61.94212151742503,0.00012221797243228139
2017-01-07 10:06:00,61.942,7.005551761733205e-07,61.94212159752982,0.0001222980849959754
2017-01-07 10:07:00,61.942,7.005579269244718e-07,61.9421216143278,0.00012231488572922444
2017-01-07 10:08:00,73.762,7.012042267290396e-07,73.76210800820921,0.0001087094134391009
2017-01-07 10:09:00,73.762,7.004884499434323e-07,73.76212083461074,0.0001215350991969899
2017-01-07 10:10:00,73.762,7.004794167741053e-07,73.76212072430354,0.00012142478296084391
2017-01-07 10:11:00,73.762,7.004720380454822e-07,73.76212077848669,0.00012147895873226844
2017-01-07 10:12:00,87.182,7.004119863408522e-07,87.18212128573295,0.00012198614493286186
2017-01-07 10:13:00,87.182,7.004099190636488e-07,87.18212137748218,0.00012207789208673603
2017-01-07 10:14:00,87.182,7.004103671286009e-07,87.1821213514614,0.00012205187177016796
2017-01-07 10:15:00,87.182,7.004075225613e-07,87.182121332581,0.00012203298852853095
2017-01-07 10:16:00,87.182,7.00410637535155e-07,87.18212132962364,0.00012203003427657677
2017-01-07 10:17:00,87.182,7.00411177742235e-07,87.18212140269252,0.00012210310369198396
2017-01-07 10:18:00,87.182,7.004291217224397e-07,87.18212185206181,0.00012255249093584553
2017-01-07 10:19:00,76.897,7.004540761943866e-07,76.89712091789109,0.00012161834516177805
2017-01-07 10:20:00,76.897,7.004361528678132e-07,76.89712058592762,0.00012128636376473878
2017-01-07 10:21:00,76.897,7.00430044451252e-07,76.89712047849783,0.0001211789278698916
2017-01-07 10:22:00,91.671,7.003951409062319e-07,91.67112205041238,0.00012275080750612233
2017-01-07 10:23:00,91.671,7.003955767779211e-07,91.67112210014244,0.0001228005380085051
2017-01-07 10:24:00,91.671,7.001384167315306e-07,91.67113189443806,0.00013259457647052386
2017-01-07 10:25:00,91.671,7.001404276548188e-07,91.67113187291953,0.00013257305995750812
2017-01-07 10:26:00,91.671,7.001416298329599e-07,91.67113182308012,0.0001325232217368466
2017-01-07 10:27:00,78.25,7.001910358935421e-07,78.25013110530735,0.0001318054983840966
2017-01-07 10:28:00,96.213,7.001601046794091e-07,96.21311572724012,0.00011642740022921316
2017-01-07 10:29:00,120.454,7.001617874138324e-07,120.45411924443779,0.00011994459958941661
2017-01-07 10:30:00,120.454,7.008023550011955e-07,120.45411456881979,0.00011526962215668846
2017-01-07 10:31:00,120.454,7.008011364118385e-07,120.45411464436363,0.00011534516477240686
2017-01-07 10:32:00,120.454,7.003585009754778e-07,120.45412615166578,0.00012685202428031062
2017-01-07 10:33:00,106.938,7.003649204715025e-07,106.93812392487081,0.00012462523572764894
2017-01-07 10:34:00,92.164,7.003810999327292e-07,92.1641218822742,0.00012258265529396795
2017-01-07 10:35:00,81.292,7.004026169139869e-07,81.2921205496921,0.00012125009472185866
2017-01-07 10:36:00,81.292,7.004027490562225e-07,81.29212059674195,0.00012129714470177078
2017-01-07 10:37:00,96.248,7.00373525408998e-07,96.24812235192113,0.00012305229464004697
2017-01-07 10:38:00,96.248,7.003737694453023e-07,96.24812241957338,0.00012311994714764296
2017-01-07 10:39:00,106.626,7.008137463341543e-07,106.62611319728362,0.00011389809735362633
2017-01-07 10:40:00,106.626,7.003385710826587e-07,106.62612362053162,0.00012432087018510174
2017-01-07 10:41:00,106.626,7.003393140337288e-07,106.62612363054723,0.0001243308865355175
2017-01-07 10:42:00,106.626,7.003400301830502e-07,106.62612364977466,0.00012435011467459844
2017-01-07 10:43:00,106.626,7.003433718585651e-07,106.62612364288768,0.00012434323105026124
2017-01-07 10:44:00,106.626,7.003439470660899e-07,106.62612369468894,0.00012439503288419473
2017-01-07 10:45:00,106.626,7.007260676819739e-07,106.62611316672239,0.00011386744844799068
2017-01-07 10:46:00,106.626,7.003387095063144e-07,106.62612373920247,0.0001244395411674759
2017-01-07 10:47:00,106.626,7.003387873320133e-07,106.62612383182312,0.00012453216190522198
2017-01-07 10:48:00,106.626,7.003394200556502e-07,106.62612388606098,0.00012458640038914837
2017-01-07 10:49:00,106.626,7.003400626424641e-07,106.6261239486027,0.0001246489427586539
2017-01-07 10:50:00,106.626,7.003102486291589e-07,106.62612338641252,0.00012408672276364996
2017-01-07 10:51:00,120.959,7.00316331608372e-07,120.95912575497802,0.00012645529434962555
2017-01-07 10:52:00,120.959,7.006360206053943e-07,120.95911455641436,0.0001152570503819561
2017-01-07 10:53:00,110.581,7.00314378220698e-07,110.5811241183201,0.00012481863447533215
2017-01-07 10:54:00,110.581,7.003074492000541e-07,110.58112411971895,0.0001248200264001298
2017-01-07 10:55:00,110.581,7.003090899005419e-07,110.58112403369248,0.0001247340015595455
2017-01-07 10:56:00,110.581,7.003149014348062e-07,110.58112406244712,0.00012476276201311975
2017-01-07 10:57:00,128.114,7.003206828558838e-07,128.11412697571717,0.0001276760378345898
2017-01-07 10:58:00,152.053,7.003471900720242e-07,152.0531313997013,0.00013210004848929202
2017-01-07 10:59:00,152.053,7.003449483703134e-07,152.05313145681916,0.00013215716410286404
2017-01-07 11:00:00,144.961,7.003257398558008e-07,144.96112984811194,0.00013054843765303303
2017-01-07 11:01:00,144.961,7.003284983769006e-07,144.9611299629302,0.00013066325865906947
2017-01-07 11:02:00,144.961,7.00329098755263e-07,144.96112998279236,0.000130683121454922
2017-01-07 11:03:00,149.988,7.003350099013067e-07,149.9881309125617,0.00013161289672325438
2017-01-07 11:04:00,162.151,7.003546569116031e-07,162.15113341434267,0.00013411469731750003
2017-01-07 11:05:00,162.151,7.003470589856661e-07,162.15113355390025,0.00013425424731394742
2017-01-07 11:06:00,162.151,7.003472954360111e-07,162.15113377760824,0.00013447795552679054
2017-01-07 11:07:00,157.124,7.003394369062526e-07,157.12413231971564,0.00013302005507398462
2017-01-07 11:08:00,166.774,7.003570299231668e-07,166.77413557464598,0.0001362750030011739
2017-01-07 11:09:00,148.093,7.003260190433083e-07,148.09313111379666,0.00013181412268181703
2017-01-07 11:10:00,148.093,7.00298743732216e-07,148.09313072897177,0.0001314292705387743
2017-01-07 11:11:00,148.093,7.002991869996142e-07,148.09313062381227,0.000131324111464437
2017-01-07 11:12:00,148.093,7.003004320521236e-07,148.0931309261892,0.00013162648963316315
2017-01-07 11:13:00,148.093,7.003011974835973e-07,148.09313058692226,0.00013128722346777977
2017-01-07 11:14:00,159.954,7.003212513270437e-07,159.95413380380555,0.00013450412677684653
2017-01-07 11:15:00,159.954,7.003191836803984e-07,159.95413310690975,0.00013380722893430175
2017-01-07 11:16:00,159.954,7.003242107954209e-07,159.95413258656006,0.0001332868842780499
2017-01-07 11:17:00,159.954,7.00324328256651e-07,159.9541327354936,0.00013343581792923942
2017-01-07 11:18:00,166.51,7.003360571807303e-07,166.510134643837,0.00013534417306004798
2017-01-07 11:19:00,166.51,7.003351901565315e-07,166.51013512967975,0.0001358300149547631
2017-01-07 11:20:00,166.51,7.003563248188162e-07,166.510134894256,0.00013559461234535775
2017-01-07 11:21:00,166.51,7.003574042293979e-07,166.51013500928337,0.00013570964080145131
2017-01-07 11:22:00,178.602,7.003812359803558e-07,178.60213938370987,0.00014008409110033426
2017-01-07 11:23:00,178.602,7.003822373280558e-07,178.60214106577368,0.00014176615590599795
2017-01-07 11:24:00,184.823,7.003951135618129e-07,184.82314300101638,0.00014370141147423965
2017-01-07 11:25:00,199.164,7.004205088466191e-07,199.16414912263346,0.00014982305398802964
2017-01-07 11:26:00,184.831,7.003950624323292e-07,184.83114359658165,0.0001442969767140312
2017-01-07 11:27:00,153.183,7.003355664925653e-07,153.18313336500893,0.00013406534449700303
2017-01-07 11:28:00,159.319,7.003462784629385e-07,159.31913501054194,0.00013571088823027821
2017-01-07 11:29:00,171.794,7.003702032247684e-07,171.79413920612728,0.0001399064974805242
2017-01-07 11:30:00,163.151,7.00312850507087e-07,163.15113496897206,0.0001356692849014962
2017-01-07 11:31:00,163.151,7.003190097232227e-07,163.15113623190067,0.00013693221967514546
2017-01-07 11:32:00,163.151,7.00318671656639e-07,163.15113617077594,0.0001368710946110241
2017-01-07 11:33:00,173.456,7.003383672963165e-07,173.456139478101,0.0001401784393806338
2017-01-07 11:34:00,173.456,7.00337367077271e-07,173.45613906183152,0.00013976216891364857
2017-01-07 11:35:00,185.883,7.003577776312553e-07,185.88314317223904,0.00014387259682280273
2017-01-07 11:36:00,185.883,7.003571727023201e-07,185.88314278945447,0.00014348981162015662
2017-01-07 11:37:00,185.883,7.003732745023756e-07,185.88314547980863,0.00014618018190049042
2017-01-07 11:38:00,162.682,7.003231582848303e-07,162.68213692670673,0.00013762702991471087
2017-01-07 11:39:00,162.682,7.003126992801556e-07,162.682135174283,0.00013587459571340332
2017-01-07 11:40:00,162.682,7.003056602215428e-07,162.68213442240727,0.00013512271294757738
2017-01-07 11:41:00,176.035,7.003303674301255e-07,176.03513792226417,0.00013862259453389925
2017-01-07 11:42:00,188.825,7.003589522177657e-07,188.8251437241876,0.00014442454656204973
2017-01-07 11:43:00,188.825,7.003615471780231e-07,188.8251443186945,0.00014501905604902277
2017-01-07 11:44:00,176.963,7.003465705156839e-07,176.96314154989244,0.0001422502390084901
2017-01-07 11:45:00,176.963,7.00348356021238e-07,176.96314198361222,0.00014268396057559585
2017-01-07 11:46:00,176.963,7.003516970982055e-07,176.96314233226377,0.00014303261548320734
2017-01-07 11:47:00,176.963,7.003412275622957e-07,176.96314092911172,0.00014162945294060592
2017-01-07 11:48:00,176.963,7.003475943486391e-07,176.9631417909834,0.0001424913309904241
2017-01-07 11:49:00,164.174,7.003147901618362e-07,164.1741363592203,0.00013705953509202118
2017-01-07 11:50:00,164.174,7.002843765919532e-07,164.17413508823515,0.0001357885195147901
2017-01-07 11:51:00,164.174,7.002915299723396e-07,164.17413635276773,0.00013705305926237088
2017-01-07 11:52:00,161.045,7.002870611529278e-07,161.04513550983364,0.00013621012072917438
2017-01-07 11:53:00,161.045,7.002841671339597e-07,161.04513500483804,0.00013570512223282094
2017-01-07 11:54:00,150.635,7.002653602718997e-07,150.63513164142,0.00013234168537223923
2017-01-07 11:55:00,158.086,7.002861940258654e-07,158.08613539633637,0.00013609662255475996
2017-01-07 11:56:00,168.485,7.003226674839896e-07,168.48514045319027,0.00014115351291366096
2017-01-07 11:57:00,168.485,7.003428679539078e-07,168.48514263425756,0.0001433346004091618
2017-01-07 11:58:00,156.392,6.998281939811697e-07,156.39215097727333,0.0001516771015417362
2017-01-07 11:59:00,156.392,6.998331168108103e-07,156.3921534155142,0.00015411534732834298
2017-01-07 12:00:00,156.392,6.998987413097958e-07,156.39214797197343,0.00014867187218214895
2017-01-07 12:01:00,143.802,7.00304504661615e-07,143.80213128154494,0.00013198184944940294
2017-01-07 12:02:00,150.519,7.003155556866732e-07,150.5191330729221,0.00013377323764984794
2017-01-07 12:03:00,181.484,7.003669886914061e-07,181.48414196673983,0.00014266710681454242
2017-01-07 12:04:00,171.178,7.003435733226817e-07,171.17813756318827,0.00013826353185208973
2017-01-07 12:05:00,177.043,7.0036663034333e-07,177.04314199555236,0.00014269591898141698
2017-01-07 12:06:00,179.128,7.003704241578221e-07,179.12814260094316,0.00014330131361361964
2017-01-07 12:07:00,179.128,7.00385301130333e-07,179.12814422299334,0.00014492337865590343
2017-01-07 12:08:00,179.128,7.003844894466727e-07,179.1281441078182,0.00014480820269113792
2017-01-07 12:09:00,190.901,7.004377277833584e-07,190.90115161216133,0.00015231259905590377
2017-01-07 12:10:00,190.901,7.004772891283894e-07,190.9011510411364,0.0001517416136778138
2017-01-07 12:11:00,190.901,7.004817535596826e-07,190.90115147312898,0.00015217361072927815
2017-01-07 12:12:00,190.901,7.004847068373197e-07,190.90115174867475,0.0001524491594580013
2017-01-07 12:13:00,185.306,7.004870417965856e-07,185.30615079306455,0.0001514935515842808
2017-01-07 12:14:00,168.631,7.004780339809333e-07,168.63114682210556,0.00014752258360317683
2017-01-07 12:15:00,168.631,7.004507112072918e-07,168.6311445515818,0.000145252032496046
2017-01-07 12:16:00,168.631,7.004293599004608e-07,168.63114255318158,0.00014325361092915045
2017-01-07 12:17:00,177.963,7.004537400342233e-07,177.96314635111958,0.00014705157332173258
2017-01-07 12:18:00,168.631,7.004314939183174e-07,168.63114271668928,0.00014341712076770818
2017-01-07 12:19:00,176.555,7.004556509582926e-07,176.5551462515075,0.00014695196313141423
2017-01-07 12:20:00,179.316,7.004227416151682e-07,179.31614639974538,0.00014710016810681736
2017-01-07 12:21:00,188.172,7.004738223786885e-07,188.17215286866457,0.0001535691384049187
2017-01-07 12:22:00,188.172,7.004575154522576e-07,188.172151270418,0.00015197087552110133
2017-01-07 12:23:00,188.172,7.004325783860517e-07,188.17214881507968,0.00014951551224839932
2017-01-07 12:24:00,171.558,7.004011459192471e-07,171.55814298726327,0.00014368766443340064
2017-01-07 12:25:00,171.558,7.004542389317232e-07,171.55814782140345,0.00014852185771019322
2017-01-07 12:26:00,180.578,7.004690763997288e-07,180.57815083507282,0.0001515355419030584
2017-01-07 12:27:00,180.578,7.004911883345434e-07,180.57815304864528,0.00015374913647292487
2017-01-07 12:28:00,180.578,7.004878079471563e-07,180.57815273429938,0.0001534347871938735
2017-01-07 12:29:00,180.578,7.00516170460937e-07,180.5781555012914,0.00015620180758446622
2017-01-07 12:30:00,180.578,7.004127776809495e-07,180.57814839559452,0.00014909600730561579
2017-01-07 12:31:00,180.578,7.003819952905189e-07,180.5781454163114,0.00014611669340069966
2017-01-07 12:32:00,180.578,7.003636683545621e-07,180.5781435158988,0.00014421626246985397
2017-01-07 12:33:00,180.578,7.003658190555796e-07,180.57814372223098,0.0001444225968043611
2017-01-07 12:34:00,166.23,7.003558163989177e-07,166.2301406511764,0.00014135153224970054
2017-01-07 12:35:00,166.23,7.003672437734266e-07,166.23014185722954,0.000142557596802817
2017-01-07 12:36:00,166.23,7.003396925094356e-07,166.23013925419562,0.00013995453531379098
2017-01-07 12:37:00,166.23,7.003669145939125e-07,166.23014177164725,0.00014247201417560973
2017-01-07 12:38:00,166.23,7.003427704696991e-07,166.23013948000465,0.0001401803474436747
2017-01-07 12:39:00,172.296,7.003892058672862e-07,172.29614469672472,0.00014539711392558274
2017-01-07 12:40:00,185.052,7.003971450180878e-07,185.05214922596338,0.00014992636053534625
2017-01-07 12:41:00,170.096,6.998827640857219e-07,170.09616073435552,0.0001614342382936229
2017-01-07 12:42:00,170.096,6.998740142773354e-07,170.09615771324056,0.00015841311457620577
2017-01-07 12:43:00,170.096,6.998926009874144e-07,170.09616337810485,0.00016407799745365992
2017-01-07 12:44:00,196.579,6.999170909661442e-07,196.57917296256093,0.00017366247800509882
2017-01-07 12:45:00,196.579,6.99937399970907e-07,196.5791774241761,0.00017812411348927526
2017-01-07 12:46:00,213.671,7.004582454384924e-07,213.67116297885994,0.0001636793182058227
2017-01-07 12:47:00,213.671,7.004628071531323e-07,213.67116352109477,0.00016422155758277768
2017-01-07 12:48:00,213.671,7.004537662381837e-07,213.67116255418233,0.00016325463610655788
2017-01-07 12:49:00,213.671,7.004578242501803e-07,213.67116305156785,0.00016375202568497116
2017-01-07 12:50:00,213.671,7.00426951754892e-07,213.6711625620484,0.00016326247535403127
2017-01-07 12:51:00,213.671,7.00387449377801e-07,213.67115767672473,0.00015837711220001438
2017-01-07 12:52:00,213.671,7.004115554564252e-07,213.67116088633188,0.00016158674344524115
2017-01-07 12:53:00,213.671,7.004176018717603e-07,213.67116166624103,0.00016236665865676514
2017-01-07 12:54:00,213.671,7.004173258349985e-07,213.6711616765433,0.00016237696064536067
2017-01-07 12:55:00,224.8,7.004278636962586e-07,224.80016737774343,0.00016807817129915748
2017-01-07 12:56:00,233.162,7.004572288812791e-07,233.16217572197934,0.00017642243656723622
2017-01-07 12:57:00,257.328,7.002989868464064e-07,257.32819612126707,0.0001968215660781425
2017-01-07 12:58:00,257.328,7.002813404575396e-07,257.32819370691226,0.00019440719364638426
2017-01-07 12:59:00,240.236,7.004403810572128e-07,240.23618019965372,0.00018090009410798302
2017-01-07 13:00:00,240.236,7.004489266355609e-07,240.2361799181403,0.0001806185892405665
2017-01-07 13:01:00,254.474,7.003874675012703e-07,254.47419759040662,0.00019829079408850703
2017-01-07 13:02:00,265.89,7.000689682319807e-07,265.8902093095776,0.0002100096465937895
2017-01-07 13:03:00,259.67,7.002850058100392e-07,259.670202270096,0.00020297038099670317
2017-01-07 13:04:00,252.386,7.003956844145719e-07,252.38619320024924,0.00019390064491631165
2017-01-07 13:05:00,261.563,7.002484284425345e-07,261.5632063434817,0.0002070437301426864
2017-01-07 13:06:00,253.201,7.004509114414624e-07,253.20120287697878,0.00020357742968712955
2017-01-07 13:07:00,259.892,7.002945462135948e-07,259.8922045961301,0.00020529642466726727
2017-01-07 13:08:00,259.892,7.002182509514268e-07,259.89219390210246,0.00019460232073242878
2017-01-07 13:09:00,276.613,6.986490960748351e-07,276.6132293058651,0.00023000451420784884
2017-01-07 13:10:00,276.613,6.987780335230778e-07,276.6132316197954,0.00023231857340988427
2017-01-07 13:11:00,263.857,7.00228681042476e-07,263.85720628447797,0.00020698470660818202
2017-01-07 13:12:00,263.857,7.001825567462533e-07,263.8571998982261,0.0002005984086395074
2017-01-07 13:13:00,289.561,6.805144307236869e-07,289.5616629775012,0.0006636580156396121
2017-01-07 13:14:00,289.561,6.803478671292676e-07,289.5616686919782,0.0006693723260582374
2017-01-07 13:15:00,283.447,6.948998553761029e-07,283.44723793531693,0.0002386302168133625
2017-01-07 13:16:00,283.447,6.948961739754324e-07,283.447238419373,0.00023911426916356504
2017-01-07 13:17:00,283.447,6.94882298189753e-07,283.4472402686991,0.0002409635814046851
2017-01-07 13:18:00,283.447,6.949218687505839e-07,283.44723572221943,0.00023641714130917535
2017-01-07 13:19:00,295.74,6.447640438631463e-07,295.7941394709895,0.054140115753511964
2017-01-07 13:20:00,301.858,5.825963525613764,296.03204067671135,4.202325101232418e-06
2017-01-07 13:21:00,283.8,6.945677858895976e-07,283.8002341298594,0.00023482442719569008
2017-01-07 13:22:00,268.088,6.999455632973129e-07,268.0882011979592,0.00020189790478752911
2017-01-07 13:23:00,268.076,6.999593677336531e-07,268.0762027898539,0.00020348981320239545
2017-01-07 13:24:00,283.356,6.949745321953966e-07,283.3562401691238,0.00024086409831625133
2017-01-07 13:25:00,283.356,6.950094004597461e-07,283.356235921138,0.00023661614744696635
2017-01-07 13:26:00,283.356,6.95029859515623e-07,283.35623404110083,0.00023473613072155786
2017-01-07 13:27:00,283.356,6.950488761488482e-07,283.3562320454012,0.00023274045008747635
2017-01-07 13:28:00,297.587,1.5549887319910147,296.0320199611143,8.693105314705463e-06
2017-01-07 13:29:00,297.587,1.5549895382574568,296.0320193690441,8.907301605631801e-06
2017-01-07 13:30:00,286.458,6.895069699410097e-07,286.45824995481604,0.0002506443229890465
2017-01-07 13:31:00,286.458,6.89267656158772e-07,286.4582512168902,0.00025190615781411907
2017-01-07 13:32:00,292.585,6.685507416964845e-07,292.5911529136586,0.006153582209378783
2017-01-07 13:33:00,292.585,6.685588662305974e-07,292.5911622738716,0.006162942430478324
2017-01-07 13:34:00,304.119,8.086968628715343,296.0320360195851,4.648300432563701e-06
2017-01-07 13:35:00,304.119,8.08695745192474,296.03204339725596,8.491806511301547e-07
2017-01-07 13:36:00,304.119,8.086957588760772,296.0320433206293,9.093900530388055e-07
2017-01-07 13:37:00,296.032,8.924330153310613e-07,296.0320441080416,4.500047464262025e-05
2017-01-07 13:38:00,296.032,8.958015344098054e-07,296.0320440738898,4.496969131650985e-05
2017-01-07 13:39:00,315.527,19.49495944178391,296.0320412681907,7.099746426320053e-07
2017-01-07 13:40:00,315.527,19.494959022440877,296.032041707654,7.30094882328558e-07
2017-01-07 13:41:00,312.277,16.24495952379316,296.0320416863915,1.2101846778023173e-06
2017-01-07 13:42:00,286.194,6.91189385910841e-07,286.19424231575545,0.00024300694479961749
2017-01-07 13:43:00,271.962,6.994972262426433e-07,271.96220879723677,0.00020949673398718005
2017-01-07 13:44:00,271.962,6.995562378345346e-07,271.96221366598803,0.00021436554425235954
2017-01-07 13:45:00,264.555,7.001172490683408e-07,264.55519820056,0.0001989006772760149
2017-01-07 13:46:00,253.02,7.003807956898651e-07,253.0201859091709,0.00018660955169025328
2017-01-07 13:47:00,242.818,7.004392727533751e-07,242.81817605157124,0.0001767520105033782
2017-01-07 13:48:00,231.933,7.005014244638704e-07,231.93317303447435,0.0001737349757888751
2017-01-07 13:49:00,224.24,7.004727670323671e-07,224.2401655410597,0.00016624153244038098
2017-01-07 13:50:00,224.24,7.005009375921512e-07,224.24016791512162,0.00016861562255598983
2017-01-07 13:51:00,231.105,7.005482312073423e-07,231.10517646098674,0.00017716153499236498
2017-01-07 13:52:00,231.105,7.000974891722018e-07,231.1052001357131,0.00020083581060248434
2017-01-07 13:53:00,231.105,7.001021751230479e-07,231.10520099371723,0.0002016938194060458
2017-01-07 13:54:00,231.105,7.001391546277791e-07,231.10520710700575,0.0002078071449318486
2017-01-07 13:55:00,231.105,7.005301138821431e-07,231.10517478519483,0.00017548572495229564
2017-01-07 13:56:00,231.105,7.005351188021106e-07,231.10517523124412,0.00017593177923913572
2017-01-07 13:57:00,201.59,7.004847305017533e-07,201.59015787607348,0.00015857655819218053
2017-01-07 13:58:00,187.573,6.999925940592882e-07,187.57316809033944,0.00016879033202599203
2017-01-07 13:59:00,187.573,6.999836498742146e-07,187.57316390161648,0.00016460160011888547
2017-01-07 14:00:00,188.948,6.999368564434308e-07,188.94816249018797,0.00016319012482313155
2017-01-07 14:01:00,197.758,6.999492791791089e-07,197.75816533029638,0.00016603024565142732
2017-01-07 14:02:00,209.196,6.999705658401143e-07,209.19616955443755,0.00017025440811835324
2017-01-07 14:03:00,208.79,7.003775902495032e-07,208.79015125349278,0.00015195387038602348
2017-01-07 14:04:00,208.79,6.999717549509223e-07,208.79017047746302,0.00017117743479388992
2017-01-07 14:05:00,198.391,6.999563028910568e-07,198.39116764271304,0.00016834266935461528
2017-01-07 14:06:00,175.702,6.999257449163677e-07,175.70215850011502,0.00015920004076974692
2017-01-07 14:07:00,187.338,6.999424144946289e-07,187.33816492617544,0.00016562611784820547
2017-01-07 14:08:00,187.338,7.003769016660221e-07,187.33814693542536,0.0001476358022785007
2017-01-07 14:09:00,164.483,7.00310292607367e-07,164.48313674378002,0.0001374440903134655
2017-01-07 14:10:00,164.483,7.003202998274224e-07,164.48313784246432,0.0001385427846116727
2017-01-07 14:11:00,152.396,7.00302041484031e-07,152.39613440552645,0.00013510582851949948
2017-01-07 14:12:00,152.396,7.003162074520174e-07,152.39613566356266,0.00013636387888027457
2017-01-07 14:13:00,152.396,7.00317045210889e-07,152.39613570114463,0.00013640146167404055
2017-01-07 14:14:00,152.396,7.002862378811521e-07,152.39613246085733,0.0001331611435944069
2017-01-07 14:15:00,138.145,7.002547245194755e-07,138.14512838233253,0.0001290825872501955
2017-01-07 14:16:00,138.145,7.002549488684844e-07,138.14512835535845,0.0001290556133994869
2017-01-07 14:17:00,127.985,6.998977554300152e-07,127.98513932629167,0.00014002618942754452
2017-01-07 14:18:00,127.985,6.998979046408049e-07,127.98514436979087,0.00014506968878436055
2017-01-07 14:19:00,137.619,6.998943968644736e-07,137.6191443721492,0.000145072043608252
2017-01-07 14:20:00,137.619,6.999197854289611e-07,137.619145466376,0.00014616629579222717
2017-01-07 14:21:00,157.322,6.99935498481958e-07,157.32215290806536,0.00015360800085773008
2017-01-07 14:22:00,179.479,6.999548706742849e-07,179.47916065829673,0.0001613582516029055
2017-01-07 14:23:00,179.479,6.99955204843338e-07,179.47916126245278,0.0001619624079580717
2017-01-07 14:24:00,179.479,7.00373534147654e-07,179.4791437484829,0.0001444488564175117
2017-01-07 14:25:00,187.333,7.003763879550543e-07,187.3331453833759,0.0001460837522699876
2017-01-07 14:26:00,161.045,7.003154628582183e-07,161.045135213237,0.00013591355246944659
2017-01-07 14:27:00,161.045,6.999348064577477e-07,161.0451472450422,0.00014794497701586806
2017-01-07 14:28:00,167.919,6.999356074164124e-07,167.91915384072857,0.00015454066416964451
2017-01-07 14:29:00,167.919,6.99937881232693e-07,167.9191532458874,0.00015394582527505918
2017-01-07 14:30:00,200.797,7.000269536106658e-07,200.79717227573047,0.00017297575743668858
2017-01-07 14:31:00,193.932,7.000091261376746e-07,193.9321671811455,0.0001678811546526049
2017-01-07 14:32:00,177.795,7.003920854023975e-07,177.79514322714874,0.00014392754084724402
2017-01-07 14:33:00,185.508,7.003930884531351e-07,185.50814424468828,0.00014494508135953765
2017-01-07 14:34:00,185.508,7.00392983639801e-07,185.5081441486635,0.00014484905645417712
2017-01-07 14:35:00,185.508,7.003803241481006e-07,185.50814235079574,0.0001430511760531772
2017-01-07 14:36:00,169.222,7.003520097694134e-07,169.22213726920643,0.0001379695584375895
2017-01-07 14:37:00,169.222,7.003488149386473e-07,169.2221360754156,0.00013677576438908545
2017-01-07 14:38:00,144.888,7.003088817247394e-07,144.88812982689348,0.0001305272023444104
2017-01-07 14:39:00,144.888,7.003121957814237e-07,144.88812930891777,0.0001300092299629796
2017-01-07 14:40:00,144.888,7.003197705381906e-07,144.88813067081114,0.0001313711308910115
2017-01-07 14:41:00,144.888,7.003261577977676e-07,144.8881312970352,0.00013199736133628903
2017-01-07 14:42:00,144.888,7.003206035821651e-07,144.88813044992867,0.00013115024927401464
2017-01-07 14:43:00,129.19,7.003016519016353e-07,129.190127180647,0.0001278809486677801
2017-01-07 14:44:00,114.997,6.999696873554785e-07,114.9971355556778,0.00013625564749020214
2017-01-07 14:45:00,114.997,6.999730060383856e-07,114.99713535689301,0.00013605686601181333
2017-01-07 14:46:00,114.997,6.999765780323774e-07,114.99713508749326,0.0001357874698442174
2017-01-07 14:47:00,114.997,6.999807267263526e-07,114.99713484557735,0.00013554555808070745
2017-01-07 14:48:00,106.187,7.00324552486086e-07,106.18712288404804,0.0001235843725879704
2017-01-07 14:49:00,89.714,7.003173019497195e-07,89.71412025424533,0.00012095456263239157
2017-01-07 14:50:00,62.259,7.004104692382059e-07,62.259118071828595,0.00011877223906253676
2017-01-07 14:51:00,87.35,7.003246975898771e-07,87.35012001822611,0.00012071855080364458
2017-01-07 14:52:00,69.829,7.000935983769908e-07,69.82913114209606,0.00013184218965989203
2017-01-07 14:53:00,69.829,7.000886033534716e-07,69.82913136727835,0.0001320673669624739
2017-01-07 14:54:00,69.829,7.003645418163468e-07,69.82912007540105,0.00012077576559477166
2017-01-07 14:55:00,54.42,7.004414365011395e-07,54.42011936399656,0.00012006443800061106
2017-01-07 14:56:00,52.92,7.004490226900187e-07,52.92012039057664,0.00012109102566171259
2017-01-07 14:57:00,69.587,7.003653241969497e-07,69.58711968303561,0.00012038340092601629
2017-01-07 14:58:00,51.901,7.00462267958372e-07,51.90111985903206,0.00012055949432010493
2017-01-07 14:59:00,64.992,7.001058281282737e-07,64.9921322127,0.00013291280582450327
2017-01-07 15:00:00,64.992,7.001359219401427e-07,64.99213194044813,0.0001326405840558209
2017-01-07 15:01:00,81.628,7.003548467391269e-07,81.62812071832928,0.00012141868413095835
2017-01-07 15:02:00,68.537,7.004102543099923e-07,68.53711895067478,0.0001196510850292043
2017-01-07 15:03:00,68.537,7.004023838065354e-07,68.5371191959033,0.00011989630567654785
2017-01-07 15:04:00,31.797,7.006962746932598e-07,31.797133717178102,0.0001344178743778457
2017-01-07 15:05:00,23.458,7.008605960300842e-07,23.45814251999838,0.00014322085897688908
2017-01-07 15:06:00,23.458,7.008612440816836e-07,23.458142456319358,0.00014315718060231575
2017-01-07 15:07:00,23.458,7.008620927205782e-07,23.45814240923814,0.00014311010023249082
2017-01-07 15:08:00,16.636,7.012038803627392e-07,16.63614721864108,0.00014791984496298483
2017-01-07 15:09:00,31.547,7.005217853326096e-07,31.547157405347644,0.0001581058694277715
2017-01-07 15:10:00,31.547,7.005546462951907e-07,31.54715773619713,0.00015843675177507066
2017-01-07 15:11:00,31.547,7.005499681507764e-07,31.547157608824737,0.00015830937470440176
2017-01-07 15:12:00,16.636,7.013049908868537e-07,16.636159396398288,0.00016009770327940487
2017-01-07 15:13:00,0.0,0.0,0.0,0.0
2017-01-07 15:14:00,0.0,0.0,0.0,0.0
2017-01-07 15:15:00,0.0,0.0,0.0,0.0
2017-01-07 15:16:00,0.0,0.0,0.0,0.0
2017-01-07 15:17:00,0.0,0.0,0.0,0.0
2017-01-07 15:18:00,0.0,0.0,0.0,0.0
2017-01-07 15:19:00,0.0,0.0,0.0,0.0
2017-01-07 15:20:00,0.0,0.0,0.0,0.0
2017-01-07 15:21:00,0.0,0.0,0.0,0.0
2017-01-07 15:22:00,0.0,0.0,0.0,0.0
2017-01-07 15:23:00,0.0,0.0,0.0,0.0
2017-01-07 15:24:00,0.0,0.0,0.0,0.0
2017-01-07 15:25:00,0.0,0.0,0.0,0.0
2017-01-07 15:26:00,0.0,0.0,0.0,0.0
2017-01-07 15:27:00,0.0,0.0,0.0,0.0
2017-01-07 15:28:00,0.0,0.0,0.0,0.0
2017-01-07 15:29:00,0.0,0.0,0.0,0.0
2017-01-07 15:30:00,0.0,0.0,0.0,0.0
2017-01-07 15:31:00,0.0,0.0,0.0,0.0
2017-01-07 15:32:00,0.0,0.0,0.0,0.0
2017-01-07 15:33:00,0.0,0.0,0.0,0.0
2017-01-07 15:34:00,0.0,0.0,0.0,0.0
2017-01-07 15:35:00,0.0,0.0,0.0,0.0
2017-01-07 15:36:00,7.454,7.030433045014743e-07,7.454106849849119,0.00010755289242414534
2017-01-07 15:37:00,7.454,7.030472326922276e-07,7.454106853488651,0.00010755653588390146
2017-01-07 15:38:00,7.454,7.030457691756909e-07,7.454106858766297,0.0001075618120660593
2017-01-07 15:39:00,7.454,7.03040145301305e-07,7.454106842538046,0.00010754557819137034
2017-01-07 15:40:00,7.454,7.030980515041412e-07,7.454106475370318,0.00010717846836971745
2017-01-07 15:41:00,7.454,7.030783679653254e-07,7.454106463141584,0.000107166219952326
2017-01-07 15:42:00,7.454,7.030722719631772e-07,7.454106413177863,0.00010711625013559711
2017-01-07 15:43:00,7.454,7.03065343876316e-07,7.454106292569042,0.00010699563438620885
2017-01-07 15:44:00,0.0,0.0,0.0,0.0
2017-01-07 15:45:00,0.0,0.0,0.0,0.0
2017-01-07 15:46:00,0.0,0.0,0.0,0.0
2017-01-07 15:47:00,0.0,0.0,0.0,0.0
2017-01-07 15:48:00,0.0,0.0,0.0,0.0
2017-01-07 15:49:00,0.0,0.0,0.0,0.0
2017-01-07 15:50:00,0.0,0.0,0.0,0.0
2017-01-07 15:51:00,0.0,0.0,0.0,0.0
2017-01-07 15:52:00,0.0,0.0,0.0,0.0
2017-01-07 15:53:00,0.0,0.0,0.0,0.0
2017-01-07 15:54:00,0.0,0.0,0.0,0.0
2017-01-07 15:55:00,0.0,0.0,0.0,0.0
2017-01-07 15:56:00,0.0,0.0,0.0,0.0
2017-01-07 15:57:00,0.0,0.0,0.0,0.0
2017-01-07 15:58:00,0.0,0.0,0.0,0.0
2017-01-07 15:59:00,0.0,0.0,0.0,0.0
2017-01-07 16:00:00,0.0,0.0,0.0,0.0
2017-01-07 16:01:00,0.0,0.0,0.0,0.0
2017-01-07 16:02:00,0.0,0.0,0.0,0.0
2017-01-07 16:03:00,0.0,0.0,0.0,0.0
2017-01-07 16:04:00,0.0,0.0,0.0,0.0
2017-01-07 16:05:00,0.0,0.0,0.0,0.0
2017-01-07 16:06:00,0.0,0.0,0.0,0.0
2017-01-07 16:07:00,0.0,0.0,0.0,0.0
2017-01-07 16:08:00,0.0,0.0,0.0,0.0
2017-01-07 16:09:00,0.0,0.0,0.0,0.0
2017-01-07 16:10:00,0.0,0.0,0.0,0.0
2017-01-07 16:11:00,0.0,0.0,0.0,0.0
2017-01-07 16:12:00,0.0,0.0,0.0,0.0
2017-01-07 16:13:00,0.0,0.0,0.0,0.0
2017-01-07 16:14:00,0.0,0.0,0.0,0.0
2017-01-07 16:15:00,0.0,0.0,0.0,0.0
2017-01-07 16:16:00,0.0,0.0,0.0,0.0
2017-01-07 16:17:00,0.0,0.0,0.0,0.0
2017-01-07 16:18:00,0.0,0.0,0.0,0.0
2017-01-07 16:19:00,0.0,0.0,0.0,0.0
2017-01-07 16:20:00,0.0,0.0,0.0,0.0
2017-01-07 16:21:00,0.0,0.0,0.0,0.0
2017-01-07 16:22:00,0.0,0.0,0.0,0.0
2017-01-07 16:23:00,0.0,0.0,0.0,0.0
2017-01-07 16:24:00,0.0,0.0,0.0,0.0
2017-01-07 16:25:00,0.0,0.0,0.0,0.0
2017-01-07 16:26:00,0.0,0.0,0.0,0.0
2017-01-07 16:27:00,0.0,0.0,0.0,0.0
2017-01-07 16:28:00,0.0,0.0,0.0,0.0
2017-01-07 16:29:00,0.0,0.0,0.0,0.0
2017-01-07 16:30:00,0.0,0.0,0.0,0.0
2017-01-07 16:31:00,0.0,0.0,0.0,0.0
2017-01-07 16:32:00,0.0,0.0,0.0,0.0
2017-01-07 16:33:00,0.0,0.0,0.0,0.0
2017-01-07 16:34:00,0.0,0.0,0.0,0.0
2017-01-07 16:35:00,0.0,0.0,0.0,0.0
2017-01-07 16:36:00,0.0,0.0,0.0,0.0
2017-01-07 16:37:00,0.0,0.0,0.0,0.0
2017-01-07 16:38:00,0.0,0.0,0.0,0.0
2017-01-07 16:39:00,0.0,0.0,0.0,0.0
2017-01-07 16:40:00,0.0,0.0,0.0,0.0
2017-01-07 16:41:00,14.092,7.02095702979715e-07,14.092150628252199,0.00015133034790082434
2017-01-07 16:42:00,14.092,7.021024171990784e-07,14.092150738940093,0.0001514410425098589
2017-01-07 16:43:00,14.092,7.020399831849023e-07,14.092149376057101,0.00015007809708400544
2017-01-07 16:44:00,0.0,0.0,0.0,0.0
2017-01-07 16:45:00,0.0,0.0,0.0,0.0
2017-01-07 16:46:00,0.0,0.0,0.0,0.0
2017-01-07 16:47:00,14.476,7.020187417071551e-07,14.476151675672478,0.00015237769121867473
2017-01-07 16:48:00,14.476,7.020955585568435e-07,14.476152514132082,0.0001532162276394189
2017-01-07 16:49:00,14.476,7.025094909202725e-07,14.476137138469719,0.00013784097920854776
2017-01-07 16:50:00,14.476,7.026347746605095e-07,14.476139019181005,0.00013972181577948106
2017-01-07 16:51:00,14.476,7.026317689659258e-07,14.476138602421592,0.0001393050533611273
2017-01-07 16:52:00,14.476,7.02632548792704e-07,14.476138538836398,0.000139241468946949
2017-01-07 16:53:00,14.476,7.02628072841451e-07,14.47613798319668,0.00013868582475140556
2017-01-07 16:54:00,14.476,7.021899358730134e-07,14.476151755789822,0.00015245797975715902
2017-01-07 16:55:00,14.476,7.021837241217937e-07,14.476151333230348,0.00015203541407160515
2017-01-07 16:56:00,14.476,7.022035172730154e-07,14.476151941691471,0.0001526438949870368
2017-01-07 16:57:00,14.476,7.022310881205031e-07,14.476152795715217,0.00015349794630381552
2017-01-07 16:58:00,14.476,7.022134913848297e-07,14.476152008029551,0.00015271024304119862
2017-01-07 16:59:00,0.0,0.0,0.0,0.0
2017-01-07 17:00:00,0.0,0.0,0.0,0.0
2017-01-07 17:01:00,0.0,0.0,0.0,0.0
2017-01-07 17:02:00,0.0,0.0,0.0,0.0
2017-01-07 17:03:00,0.0,0.0,0.0,0.0
2017-01-07 17:04:00,0.0,0.0,0.0,0.0
2017-01-07 17:05:00,0.0,0.0,0.0,0.0
2017-01-07 17:06:00,0.0,0.0,0.0,0.0
2017-01-07 17:07:00,0.0,0.0,0.0,0.0
2017-01-07 17:08:00,0.0,0.0,0.0,0.0
2017-01-07 17:09:00,0.0,0.0,0.0,0.0
2017-01-07 17:10:00,0.0,0.0,0.0,0.0
2017-01-07 17:11:00,26.809,7.016443880601561e-07,26.80916223709147,0.0001629387358583756
2017-01-07 17:12:00,26.809,7.016397057323613e-07,26.809162407931733,0.0001631095714387243
2017-01-07 17:13:00,26.809,7.016327190878085e-07,26.80916206705765,0.00016276869036602193
2017-01-07 17:14:00,26.809,7.01635869312898e-07,26.809162248192422,0.00016294982829023752
2017-01-07 17:15:00,26.809,7.016424670737285e-07,26.809162437961234,0.0001631396036998467
2017-01-07 17:16:00,12.678,7.02858259390594e-07,12.678142542142107,0.00014324500036444476
2017-01-07 17:17:00,12.678,7.028365113179858e-07,12.678142379808426,0.00014308264493578804
2017-01-07 17:18:00,12.678,7.028188792206655e-07,12.678142022515132,0.00014272533401005205
2017-01-07 17:19:00,12.678,7.027887514703005e-07,12.678141231930663,0.00014193471941403857
2017-01-07 17:20:00,12.678,7.030219028451211e-07,12.678141992415615,0.00014269543751588287
2017-01-07 17:21:00,0.0,0.0,0.0,0.0
2017-01-07 17:22:00,0.0,0.0,0.0,0.0
2017-01-07 17:23:00,0.0,0.0,0.0,0.0
2017-01-07 17:24:00,0.0,0.0,0.0,0.0
2017-01-07 17:25:00,0.0,0.0,0.0,0.0
2017-01-07 17:26:00,0.0,0.0,0.0,0.0
2017-01-07 17:27:00,0.0,0.0,0.0,0.0
2017-01-07 17:28:00,0.0,0.0,0.0,0.0
2017-01-07 17:29:00,0.0,0.0,0.0,0.0
2017-01-07 17:30:00,0.0,0.0,0.0,0.0
2017-01-07 17:31:00,0.0,0.0,0.0,0.0
2017-01-07 17:32:00,0.0,0.0,0.0,0.0
2017-01-07 17:33:00,0.0,0.0,0.0,0.0
2017-01-07 17:34:00,5.694,7.061433732013757e-07,5.694068778473188,6.948461656097749e-05
2017-01-07 17:35:00,5.694,7.061762171278881e-07,5.694068444657609,6.915083382619258e-05
2017-01-07 17:36:00,5.694,7.061909519145212e-07,5.694068384478205,6.909066915739004e-05
2017-01-07 17:37:00,5.694,7.062478159855224e-07,5.694067784705695,6.849095351046941e-05
2017-01-07 17:38:00,5.694,7.06276343621234e-07,5.694067449089279,6.815536562232438e-05
2017-01-07 17:39:00,5.694,7.055416655606588e-07,5.6940894360664,9.014160806586347e-05
2017-01-07 17:40:00,0.0,0.0,0.0,0.0
2017-01-07 17:41:00,0.0,0.0,0.0,0.0
2017-01-07 17:42:00,0.0,0.0,0.0,0.0
2017-01-07 17:43:00,0.0,0.0,0.0,0.0
2017-01-07 17:44:00,0.0,0.0,0.0,0.0
2017-01-07 17:45:00,0.0,0.0,0.0,0.0
2017-01-07 17:46:00,0.0,0.0,0.0,0.0
2017-01-07 17:47:00,0.0,0.0,0.0,0.0
2017-01-07 17:48:00,0.0,0.0,0.0,0.0
2017-01-07 17:49:00,0.0,0.0,0.0,0.0
2017-01-07 17:50:00,0.0,0.0,0.0,0.0
2017-01-07 17:51:00,0.0,0.0,0.0,0.0
2017-01-07 17:52:00,0.0,0.0,0.0,0.0
2017-01-07 17:53:00,0.0,0.0,0.0,0.0
2017-01-07 17:54:00,5.994,7.063832165147036e-07,5.994069537000905,7.024338412175979e-05
2017-01-07 17:55:00,12.308,7.036858417950958e-07,12.308137119313068,0.0001378229989104085
2017-01-07 17:56:00,12.308,7.036716456991369e-07,12.308137201325911,0.00013790499755650387
2017-01-07 17:57:00,12.308,7.036607128999153e-07,12.308137168117637,0.00013787177835133946
2017-01-07 17:58:00,25.688,7.022753276308193e-07,25.68817010165629,0.00017080393161705842
2017-01-07 17:59:00,25.688,7.023158161924059e-07,25.68817298251781,0.00017368483362645293
2017-01-07 18:00:00,25.688,7.02420744144448e-07,25.688174335037658,0.00017503745840485863
2017-01-07 18:01:00,25.688,7.024265956413609e-07,25.688174450213104,0.00017515263970224737
2017-01-07 18:02:00,25.688,7.024296245010625e-07,25.688174415279562,0.0001751177091868783
2017-01-07 18:03:00,25.688,7.024186858766124e-07,25.688172933020383,0.00017363543906867562
2017-01-07 18:04:00,19.374,7.02809900211113e-07,19.374171826658454,0.00017252946835455418
2017-01-07 18:05:00,19.374,7.028248318828161e-07,19.37417241249058,0.0001731153154125309
2017-01-07 18:06:00,19.374,7.027997339024679e-07,19.37416998660832,0.00017068940805486932
2017-01-07 18:07:00,29.37,7.022950801017862e-07,29.370165624212014,0.00016632650709169639
2017-01-07 18:08:00,42.259,7.020645092157938e-07,42.25914418568129,0.0001448877458045672
2017-01-07 18:09:00,48.58,7.019974980182453e-07,48.580135911847705,0.00013661384520702313
2017-01-07 18:10:00,48.58,7.021241998680493e-07,48.58013719981158,0.00013790193577989385
2017-01-07 18:11:00,48.58,7.021363260507706e-07,48.580138146882256,0.000138849018583187
2017-01-07 18:12:00,48.58,7.021610932249898e-07,48.580139473435516,0.00014017559661283485
2017-01-07 18:13:00,57.557,7.020793313602822e-07,57.55713104025189,0.00013174233122015266
2017-01-07 18:14:00,71.754,7.019718255073482e-07,71.75412521590246,0.0001259178742856193
2017-01-07 18:15:00,44.668,7.02586135342757e-07,44.66811126576154,0.00011196834767446262
2017-01-07 18:16:00,59.357,7.024522847993151e-07,59.35710782361069,0.000108526062973624
2017-01-07 18:17:00,59.357,7.020718451398712e-07,59.3571299948445,0.00013069691634370884
2017-01-07 18:18:00,74.924,7.019499724720028e-07,74.92412427040557,0.00012497235553610153
2017-01-07 18:19:00,74.924,7.019597632286414e-07,74.92412469421596,0.00012539617571860617
2017-01-07 18:20:00,74.924,7.020813683738386e-07,74.92412538105593,0.00012608313728890153
2017-01-07 18:21:00,74.924,7.020782812213703e-07,74.92412513161453,0.0001258336928060544
2017-01-07 18:22:00,74.924,7.020837758427975e-07,74.92412535012885,0.00012605221262163013
2017-01-07 18:23:00,74.924,7.020868046750281e-07,74.92412534435736,0.000126046444165695
2017-01-07 18:24:00,74.924,7.020947060950385e-07,74.92412568976707,0.00012639186176954809
2017-01-07 18:25:00,74.924,7.020921421770884e-07,74.92412499182929,0.0001256939214187014
2017-01-07 18:26:00,74.924,7.020945684872178e-07,74.92412511247693,0.00012581457148996833
2017-01-07 18:27:00,88.413,7.020347486502135e-07,88.41312491595873,0.00012561799348986824
2017-01-07 18:28:00,88.413,7.020365763566296e-07,88.41312509901314,0.00012580104971959827
2017-01-07 18:29:00,88.413,7.020313747185998e-07,88.41312500235118,0.00012570438255465888
2017-01-07 18:30:00,98.176,7.020863537487851e-07,98.17612603866222,0.00012674074856988682
2017-01-07 18:31:00,98.176,7.020831531255199e-07,98.17612614958468,0.0001268516678294418
2017-01-07 18:32:00,93.122,7.021140109365773e-07,93.12212583327837,0.0001265353923827206
2017-01-07 18:33:00,83.126,7.021623525997286e-07,83.12612534308828,0.00012604525062442917
2017-01-07 18:34:00,83.126,7.0216529595491e-07,83.12612522135689,0.00012592352217666303
2017-01-07 18:35:00,97.033,7.021065505740764e-07,97.03312585623677,0.00012655834331098959
2017-01-07 18:36:00,92.668,7.021233612635e-07,92.66812545028264,0.00012615240599700428
2017-01-07 18:37:00,105.112,7.020659063831556e-07,105.11212775804724,0.00012846011314593397
2017-01-07 18:38:00,120.463,7.020245272494613e-07,120.46313040219046,0.00013110421498652158
2017-01-07 18:39:00,120.463,7.006836854974878e-07,120.46315136927342,0.00015206995711025684
2017-01-07 18:40:00,127.83,7.007166959534152e-07,127.8301592030228,0.00015990373950103276
2017-01-07 18:41:00,102.716,7.007550499603567e-07,102.71615688005758,0.00015758081264038992
2017-01-07 18:42:00,102.716,7.007509430660615e-07,102.71615500482845,0.0001557055794023654
2017-01-07 18:43:00,102.716,7.007514714082834e-07,102.71615455239596,0.00015525314744024854
2017-01-07 18:44:00,88.809,7.007931257520624e-07,88.80915620292816,0.0001569037212902913
2017-01-07 18:45:00,88.809,7.007957201321226e-07,88.80915611913848,0.0001568199342045773
2017-01-07 18:46:00,88.809,7.007951695258498e-07,88.80915578654789,0.00015648734306239476
2017-01-07 18:47:00,88.809,7.007984416956841e-07,88.80915752594215,0.0001582267405950688
2017-01-07 18:48:00,99.15,7.007882502680805e-07,99.15016313091593,0.00016383170417100246
2017-01-07 18:49:00,99.15,7.022309365730815e-07,99.15013933253955,0.00014003477048163404
2017-01-07 18:50:00,99.15,7.021502990657086e-07,99.15014151635502,0.00014221850531725977
2017-01-07 18:51:00,113.905,7.020955727356465e-07,113.90514111940057,0.00014182149614327955
2017-01-07 18:52:00,113.905,7.020898159868497e-07,113.90513971569008,0.00014041777990314586
2017-01-07 18:53:00,113.905,7.020879857839226e-07,113.905139062941,0.00013976502899026855
2017-01-07 18:54:00,113.905,7.020849311744059e-07,113.90513801216525,0.0001387142501840799
2017-01-07 18:55:00,99.15,7.021371003070536e-07,99.15013604557183,0.00013674770892180277
2017-01-07 18:56:00,99.15,7.021323780400426e-07,99.1501344372476,0.00013513937997799985
2017-01-07 18:57:00,99.15,7.021258450029918e-07,99.15013034821867,0.0001310503445068889
2017-01-07 18:58:00,113.831,7.020810098336283e-07,113.83113282757479,0.00013352965579827014
2017-01-07 18:59:00,113.831,7.020879004165811e-07,113.83113529917246,0.0001360012603583982
2017-01-07 19:00:00,127.889,7.022058819455059e-07,127.88913799205349,0.0001386942593768481
2017-01-07 19:01:00,141.767,7.021890380973174e-07,141.76714014389862,0.00014084608764619588
2017-01-07 19:02:00,141.767,7.021951142317318e-07,141.76714179810827,0.00014250030338303077
2017-01-07 19:03:00,141.767,7.022059644384106e-07,141.76714460392273,0.000145306128700895
2017-01-07 19:04:00,127.889,7.022433061320584e-07,127.88914597403806,0.0001466762813748801
2017-01-07 19:05:00,144.969,7.022311882399194e-07,144.9691489083282,0.00014961055939011203
2017-01-07 19:06:00,144.969,7.022187135490157e-07,144.96914641825154,0.00014712047027387598
2017-01-07 19:07:00,144.969,7.022193568414554e-07,144.969146171404,0.00014687362335052967
2017-01-07 19:08:00,144.969,7.022266864779327e-07,144.96914736410213,0.00014806632881914084
2017-01-07 19:09:00,144.969,7.022211876432823e-07,144.96914617214782,0.00014687436902249829
2017-01-07 19:10:00,144.969,7.022430325418123e-07,144.9691470889223,0.000147791165346689
2017-01-07 19:11:00,134.628,7.022592568918957e-07,134.62814634612064,0.0001470483799153044
2017-01-07 19:12:00,104.645,7.023449616208268e-07,104.64514516016689,0.0001458625118573309
2017-01-07 19:13:00,104.645,7.023438781822308e-07,104.64514456051165,0.00014526285553984053
2017-01-07 19:14:00,104.645,7.023491270635843e-07,104.64514542596346,0.00014612831259341874
2017-01-07 19:15:00,104.645,7.023522588062251e-07,104.64514480102662,0.0001455033788744231
2017-01-07 19:16:00,113.289,7.023302540561658e-07,113.28914615307409,0.0001468554043384529
2017-01-07 19:17:00,113.289,7.023626738433033e-07,113.28915238576229,0.00015308812496073188
2017-01-07 19:18:00,113.289,7.023733656973759e-07,113.28915417640592,0.00015487877928421767
2017-01-07 19:19:00,113.289,7.023649114196385e-07,113.28915238421337,0.00015308657827972638
2017-01-07 19:20:00,127.205,7.023748023969985e-07,127.20515822587251,0.00015892824731622568
2017-01-07 19:21:00,127.205,7.023872183426437e-07,127.20516034406407,0.00016104645128223183
2017-01-07 19:22:00,137.651,7.024142046998437e-07,137.6511672909078,0.00016799332200889694
2017-01-07 19:23:00,130.503,7.024557273352578e-07,130.5031718479307,0.00017255038645203058
2017-01-07 19:24:00,121.588,7.025197383134978e-07,121.58817998090571,0.0001806834254551859
2017-01-07 19:25:00,121.588,7.025158830412359e-07,121.58817810784257,0.0001788103584487999
2017-01-07 19:26:00,128.691,7.026004304394389e-07,128.6911933954365,0.00019409803692838068
2017-01-07 19:27:00,128.691,7.025701460656889e-07,128.69118808593888,0.00018878850900705402
2017-01-07 19:28:00,136.608,7.025331576471488e-07,136.60818341281694,0.0001841153500947712
2017-01-07 19:29:00,128.691,7.025632274461894e-07,128.69118647994335,0.00018718250657911994
2017-01-07 19:30:00,118.108,7.013094523561066e-07,118.10825455371433,0.0002552550237737705
2017-01-07 19:31:00,105.569,7.015129305864518e-07,105.56928400408984,0.0002847056027661665
2017-01-07 19:32:00,105.569,7.015446399991489e-07,105.56928791916457,0.0002886207091989945
2017-01-07 19:33:00,116.01,7.020721451710842e-07,116.01032149653165,0.0003221986037829083
2017-01-07 19:34:00,116.01,7.022457666519647e-07,116.01032858685949,0.00032928910525242827
2017-01-07 19:35:00,125.625,7.032369198103862e-07,125.62532657535756,0.0003272785944830048
2017-01-07 19:36:00,125.625,7.03502802148356e-07,125.62526997602117,0.0002706795239788562
2017-01-07 19:37:00,125.625,7.035419345859079e-07,125.62527099301121,0.0002716965531419646
2017-01-07 19:38:00,125.625,7.034797515814619e-07,125.62526950628114,0.00027020976089886517
2017-01-07 19:39:00,139.168,7.040216662975525e-07,139.1682756080521,0.000276312073765439
2017-01-07 19:40:00,131.801,7.039351429526943e-07,131.80127608301385,0.00027678694900146183
2017-01-07 19:41:00,129.342,7.042429393498559e-07,129.34227786613621,0.00027857037915168803
2017-01-07 19:42:00,129.342,7.066981311732628e-07,129.34225859280883,0.00025929950695058324
2017-01-07 19:43:00,129.342,7.07856022268686e-07,129.34225293763933,0.0002536454953485645
2017-01-07 19:44:00,109.705,7.088756690700994e-07,109.70524472029447,0.00024542917014969134
2017-01-07 19:45:00,109.705,34.92834974391337,74.77665140451734,1.148430712305526e-06
2017-01-07 19:46:00,109.705,33.170346670695736,76.53465408671096,7.574066955839953e-07
2017-01-07 19:47:00,118.679,37.21134936758269,81.4676514066373,7.74219998334047e-07
2017-01-07 19:48:00,112.685,32.25834974207291,80.42665125595342,9.980263229181219e-07
2017-01-07 19:49:00,102.244,21.43134979213896,80.81265125671132,1.0488502795169552e-06
2017-01-07 19:50:00,102.244,21.047349646600427,81.19665137842904,1.0250294621982903e-06
2017-01-07 19:51:00,102.244,17.52634941571618,84.71765151219911,9.279152948238334e-07
2017-01-07 19:52:00,102.244,17.72334944958793,84.52065145523855,9.048264786315485e-07
2017-01-07 19:53:00,88.328,2.160346919818524,86.16765385633005,7.761485676383018e-07
2017-01-07 19:54:00,88.328,5.951348973141868,82.3766521420297,1.1151715568757936e-06
2017-01-07 19:55:00,88.328,1.4405001500388641,86.88750057263,7.226688580885821e-07
2017-01-07 19:56:00,102.37,23.425296499515124,78.9447047095005,1.2090156218391712e-06
2017-01-07 19:57:00,102.37,24.86734971128989,77.50265143273053,1.1440204161772272e-06
2017-01-07 19:58:00,102.37,26.941349743404608,75.42865142847157,1.1718761641077435e-06
2017-01-07 19:59:00,102.37,38.83799378774978,63.5320070104495,7.981992737882138e-07
2017-01-07 20:00:00,102.37,7.802694533407055e-07,102.37013643077671,0.00013721104616593038
2017-01-07 20:01:00,102.37,7.499774192300278e-07,102.37015849470248,0.00015924467989236746
2017-01-07 20:02:00,118.814,7.444455554608446e-07,118.81417011270617,0.00017085715172981963
2017-01-07 20:03:00,118.814,1.6407011645116153e-06,118.81406742423695,6.906493813119141e-05
2017-01-07 20:04:00,125.371,17.58093566444319,107.79006539042574,1.0548689317602111e-06
2017-01-07 20:05:00,125.371,23.519329086609627,101.85167194218585,1.028795480806366e-06
2017-01-07 20:06:00,125.371,7.193545933537618e-07,125.37124772012098,0.00024843947556973944
2017-01-07 20:07:00,125.371,7.218769312305345e-07,125.371216781746,0.00021750362293460057
2017-01-07 20:08:00,125.371,44.83635007215397,80.53465073348075,8.056347127194385e-07
2017-01-07 20:09:00,125.371,41.59634984329027,83.77465134916012,1.1924503979798828e-06
2017-01-07 20:10:00,131.401,52.18134910573062,79.21965170567066,8.114012644000468e-07
2017-01-07 20:11:00,123.414,49.779332713016096,73.63466804266757,7.556836720823412e-07
2017-01-07 20:12:00,109.871,26.854349429031043,83.01665148801601,9.170470605113223e-07
2017-01-07 20:13:00,95.182,13.907349394543697,81.27465154916521,9.437089119046504e-07
2017-01-07 20:14:00,95.182,15.48434940380041,79.69765153211543,9.359158354982355e-07
2017-01-07 20:15:00,95.182,13.287349268794372,81.89465166233059,9.311249584698089e-07
2017-01-07 20:16:00,95.182,10.804349432473026,84.37765164944729,1.0819203168921376e-06
2017-01-07 20:17:00,95.182,6.0853488300456124,89.09665205524173,8.852873492060098e-07
2017-01-07 20:18:00,95.182,9.582348984034011,85.59965194356398,9.275979948597524e-07
2017-01-07 20:19:00,95.182,11.673349644237346,83.50865138765171,1.031889055980173e-06
2017-01-07 20:20:00,95.182,10.662349395617968,84.5196515616667,9.572846693117754e-07
2017-01-07 20:21:00,95.182,8.31434931618389,86.8676518338906,1.150074496081288e-06
2017-01-07 20:22:00,95.182,9.818349085280481,85.36365183115132,9.16431787345573e-07
2017-01-07 20:23:00,95.182,9.791349484856546,85.39065151787855,1.0027351038388588e-06
2017-01-07 20:24:00,108.0,38.30834985922261,69.69165091821658,7.774391832526817e-07
2017-01-07 20:25:00,114.729,57.139472863785684,57.58952796761035,8.31396036460319e-07
2017-01-07 20:26:00,123.674,7.183143340982491e-07,123.67420918377903,0.00020990209335991494
2017-01-07 20:27:00,123.674,38.441503691012144,85.23249738928173,1.080293870359128e-06
2017-01-07 20:28:00,114.729,7.245835813157877e-07,114.72919133451377,0.00019205909735831028
2017-01-07 20:29:00,114.729,7.08253845899481e-07,114.72924735439683,0.000248062650683778
2017-01-07 20:30:00,114.729,7.04747149421581e-07,114.729277423801,0.0002781285481461282
2017-01-07 20:31:00,114.729,7.047840460088883e-07,114.72927711308718,0.00027781787122194146
2017-01-07 20:32:00,122.687,7.044933453292549e-07,122.68728564322679,0.0002863477201344722
2017-01-07 20:33:00,122.687,7.043771912972107e-07,122.68729105574867,0.0002917601258616287
2017-01-07 20:34:00,116.651,7.04788002017708e-07,116.65127476097604,0.0002754657640480218
2017-01-07 20:35:00,109.922,7.039356477703853e-07,109.92230946195691,0.0003101658925714901
2017-01-07 20:36:00,126.454,7.042469558961746e-07,126.45429681448849,0.000297518735450808
2017-01-07 20:37:00,126.454,7.039049268282513e-07,126.45431028256854,0.00031098647347960195
2017-01-07 20:38:00,141.663,7.029841259417031e-07,141.66332682861463,0.0003275315987423255
2017-01-07 20:39:00,141.663,7.034809488474895e-07,141.66326440222366,0.0002651057045852667
2017-01-07 20:40:00,150.387,7.049905736349169e-07,150.38727204132573,0.0002727463163125776
2017-01-07 20:41:00,150.387,7.051462788243e-07,150.38727135196845,0.0002720571147278861
2017-01-07 20:42:00,150.387,7.052757292406016e-07,150.3872707326295,0.0002714379052406457
2017-01-07 20:43:00,150.387,7.067265922328081e-07,150.38726433303395,0.0002650397605350463
2017-01-07 20:44:00,142.43,7.03977546085159e-07,142.4302729345437,0.00027363852123585275
2017-01-07 20:45:00,142.43,7.037886170514865e-07,142.4302704450473,0.0002711488359352643
2017-01-07 20:46:00,142.43,7.034567193589433e-07,142.43026265338372,0.0002633568404348807
2017-01-07 20:47:00,142.43,7.036106265323125e-07,142.43026722908127,0.00026793269188374325
2017-01-07 20:48:00,142.219,7.032207653737382e-07,142.21925091891487,0.0002516221356358983
2017-01-07 20:49:00,149.978,7.033254753324595e-07,149.978256169523,0.00025687284846753755
2017-01-07 20:50:00,149.978,7.032630845589494e-07,149.97825250285376,0.00025320611683810057
2017-01-07 20:51:00,144.593,7.031320627776344e-07,144.59324387741975,0.00024458055182208227
2017-01-07 20:52:00,144.593,7.030431366308469e-07,144.59323637559478,0.0002370786379231049
2017-01-07 20:53:00,144.593,7.029303858697809e-07,144.5932248496617,0.00022555259209866563
2017-01-07 20:54:00,144.593,7.029809644348124e-07,144.59323021289222,0.00023091587320323015
2017-01-07 20:55:00,164.887,7.034230992950707e-07,164.88726522377968,0.00026592720277562876
2017-01-07 20:56:00,164.887,7.037735600591176e-07,164.88727527077378,0.00027597454734973326
2017-01-07 20:57:00,157.784,7.035119649540292e-07,157.78426569397215,0.00026639748412549125
2017-01-07 20:58:00,157.784,7.020118972874437e-07,157.78430295924096,0.0003036612528717342
2017-01-07 20:59:00,142.738,7.018637558705719e-07,142.73829971320183,0.0003004150655954163
2017-01-07 21:00:00,118.132,7.015580450735491e-07,118.13228408677469,0.00028478833273481996
2017-01-07 21:01:00,133.717,7.018059334928267e-07,133.71729838275326,0.0002990845591739344
2017-01-07 21:02:00,133.717,7.027101708981432e-07,133.7171904730574,0.0001911757675543413
2017-01-07 21:03:00,133.717,7.027343509063451e-07,133.71719463896972,0.00019534170405677287
2017-01-07 21:04:00,133.717,7.026729597402008e-07,133.71718490982437,0.0001856124973187434
2017-01-07 21:05:00,118.508,7.026916111682049e-07,118.50818432887203,0.0001850315636460209
2017-01-07 21:06:00,118.508,7.026238835219461e-07,118.50817327430018,0.00017397692406007081
2017-01-07 21:07:00,118.508,7.026694848065489e-07,118.50818088611797,0.00018158878745566653
2017-01-07 21:08:00,118.508,7.026096409407106e-07,118.50817136574253,0.00017206835217109528
2017-01-07 21:09:00,118.508,7.026907048398478e-07,118.50818464741249,0.00018535010319453704
2017-01-07 21:10:00,89.914,7.027132002837371e-07,89.91417522404217,0.00017592675536093338
2017-01-07 21:11:00,89.914,7.02695125151187e-07,89.91417200617745,0.00017270887256870537
2017-01-07 21:12:00,98.127,7.026838383421209e-07,98.12717448077414,0.00017518345798350765
2017-01-07 21:13:00,110.034,7.02631352871968e-07,110.03417106161415,0.00017176424549347757
2017-01-07 21:14:00,110.034,7.026694783757393e-07,110.03417751717875,0.00017821984822319337
2017-01-07 21:15:00,110.034,7.028947539481191e-07,110.03421518165126,0.00021588454600873774
2017-01-07 21:16:00,102.285,7.027955187871641e-07,102.28519609185071,0.0001967946462286818
2017-01-07 21:17:00,102.285,7.027872061330103e-07,102.28519454925424,0.0001952520414505443
2017-01-07 21:18:00,102.285,7.026572659242844e-07,102.28517147744375,0.00017218010101771597
2017-01-07 21:19:00,116.511,7.025702425225076e-07,116.5111633188313,0.00016402140154525569
2017-01-07 21:20:00,124.453,7.025333531445892e-07,124.4531594823474,0.00016018488075530968
2017-01-07 21:21:00,124.453,7.025425663152751e-07,124.4531609844336,0.00016168697615626115
2017-01-07 21:22:00,124.453,7.025931825287932e-07,124.45316886635108,0.00016956894425845803
2017-01-07 21:23:00,124.453,7.026138349592155e-07,124.45317184493393,0.00017254754776274694
2017-01-07 21:24:00,124.453,7.025146990306233e-07,124.45315649087378,0.00015719338847475228
2017-01-07 21:25:00,124.453,7.025768315391256e-07,124.45316567484043,0.00016637741725844535
2017-01-07 21:26:00,124.453,7.009562197120034e-07,124.45319169539414,0.00019239635035717129
2017-01-07 21:27:00,124.453,7.009988519045794e-07,124.45319901639847,0.00019971739732227434
2017-01-07 21:28:00,145.051,7.025010609691722e-07,145.0511591858567,0.00015988835778557586
2017-01-07 21:29:00,158.375,7.024913936890122e-07,158.37516089209166,0.00016159458306219676
2017-01-07 21:30:00,158.375,7.024633571680179e-07,158.37515627562928,0.0001569780926331532
2017-01-07 21:31:00,158.375,7.024342308220566e-07,158.37515203677887,0.00015273921309244542
2017-01-07 21:32:00,158.375,7.024331876967266e-07,158.37515203290835,0.00015273534154403023
2017-01-07 21:33:00,158.375,7.024351484690507e-07,158.37515261599813,0.00015331843329136063
2017-01-07 21:34:00,158.375,7.024776187425374e-07,158.3751589909865,0.0001596934641270309
2017-01-07 21:35:00,161.005,7.024362724057962e-07,161.00515293212976,0.00015363456603267878
2017-01-07 21:36:00,161.005,7.024087313782458e-07,161.00514861247694,0.00014931488567526685
2017-01-07 21:37:00,161.005,7.024283683888913e-07,161.0051518789136,0.00015258134197893014
2017-01-07 21:38:00,161.005,7.024296485329728e-07,161.00515220679472,0.00015290922436861365
2017-01-07 21:39:00,162.714,7.008558118495862e-07,162.71418149600643,0.00018219686225506848
2017-01-07 21:40:00,162.714,7.008998536236387e-07,162.71418715651993,0.00018785741977467296
2017-01-07 21:41:00,162.714,7.008698530460008e-07,162.7141831626065,0.00018386347636578648
2017-01-07 21:42:00,175.797,7.024618248120971e-07,175.7971608498553,0.0001615523171096811
2017-01-07 21:43:00,183.741,7.024909495383688e-07,183.74116895102384,0.00016965351477438162
2017-01-07 21:44:00,199.912,7.02494363868033e-07,199.91217774160998,0.00017844410433554003
2017-01-07 21:45:00,198.142,7.024491319370258e-07,198.14216886444717,0.00016956689631797417
2017-01-07 21:46:00,177.115,7.02401934548762e-07,177.11515072859052,0.0001514309924459667
2017-01-07 21:47:00,195.791,7.024203017296936e-07,195.79116279901558,0.00016350143587828825
2017-01-07 21:48:00,195.791,7.024063746860932e-07,195.79115936402175,0.0001600664281227182
2017-01-07 21:49:00,195.791,7.008559137734673e-07,195.79118939635296,0.00019009720887197545
2017-01-07 21:50:00,195.791,7.008578640596726e-07,195.79118947265522,0.0001901735130900306
2017-01-07 21:51:00,188.727,7.008288888409096e-07,188.72718137450818,0.00018207533705094647
2017-01-07 21:52:00,188.727,7.008261366607527e-07,188.72718085990206,0.0001815607282082965
2017-01-07 21:53:00,204.537,7.024104681804626e-07,204.5371650154757,0.00016571788614783145
2017-01-07 21:54:00,204.537,7.02408062277688e-07,204.53716449370913,0.00016519611719445493
2017-01-07 21:55:00,204.537,7.024144568392311e-07,204.53716584230563,0.0001665447200878134
2017-01-07 21:56:00,209.484,7.024281495574686e-07,209.4841720495148,0.0001727519429266522
2017-01-07 21:57:00,209.484,7.024172614015454e-07,209.48416966205912,0.0001703644763608736
2017-01-07 21:58:00,223.202,7.024457994466685e-07,223.2021860972691,0.00018679971489632408
2017-01-07 21:59:00,216.693,7.024413426061051e-07,216.6931804860839,0.0001811885252323009
2017-01-07 22:00:00,197.38,7.024478379550958e-07,197.38016943293593,0.00017013538376886572
2017-01-07 22:01:00,177.113,7.02406732934504e-07,177.11315366108497,0.0001543634917027248
2017-01-07 22:02:00,177.113,7.023771306063469e-07,177.1131469519903,0.00014765436742436577
2017-01-07 22:03:00,168.899,7.023704940601353e-07,168.89914488476754,0.00014558713803580758
2017-01-07 22:04:00,168.899,7.023693022418983e-07,168.8991450109121,0.0001457132813982298
2017-01-07 22:05:00,168.899,7.023706574861571e-07,168.89914485927576,0.0001455616464340892
2017-01-07 22:06:00,168.899,7.023660224288994e-07,168.89914329445213,0.00014399681813870302
2017-01-07 22:07:00,168.899,7.023635148617203e-07,168.89914335312395,0.00014405548745344277
2017-01-07 22:08:00,183.104,7.023759174454411e-07,183.10415104718075,0.0001517495566645266
2017-01-07 22:09:00,189.456,7.0237039748606e-07,189.4561515589733,0.0001522613436861775
2017-01-07 22:10:00,189.456,7.023702948467003e-07,189.456150707787,0.00015141015731501284
2017-01-07 22:11:00,189.456,7.023687771405193e-07,189.45615092524397,0.00015162761275178127
2017-01-07 22:12:00,189.456,7.023648283194044e-07,189.4561503533021,0.00015105566691886452
2017-01-07 22:13:00,204.079,7.023716900887901e-07,204.07915951737007,0.0001602197417582829
2017-01-07 22:14:00,204.079,7.023766185249079e-07,204.07916210404719,0.00016280642378774246
2017-01-07 22:15:00,167.361,7.02355872834193e-07,167.3611444600945,0.0001451624503658877
2017-01-07 22:16:00,167.361,7.023521735558284e-07,167.36114429761128,0.0001449999634530741
2017-01-07 22:17:00,167.361,7.02345239962101e-07,167.36114277066795,0.00014347301319617145
2017-01-07 22:18:00,176.291,7.007544664140432e-07,176.29116632130666,0.00016702206113450302
2017-01-07 22:19:00,176.291,7.007494942517942e-07,176.29116518622945,0.00016588697894803772
2017-01-07 22:20:00,154.129,7.00723580537098e-07,154.1291575005239,0.00015820124747278896
2017-01-07 22:21:00,171.168,7.007371459054633e-07,171.16816168289162,0.00016238362874787526
2017-01-07 22:22:00,178.793,7.023450349396057e-07,178.7931442756033,0.0001449779483380098
2017-01-07 22:23:00,172.825,7.023374980565279e-07,172.82514292079478,0.0001436231322884396
2017-01-07 22:24:00,173.957,7.02335385967636e-07,173.95714324441565,0.00014394675105222632
2017-01-07 22:25:00,162.899,7.023348356589902e-07,162.8991397977096,0.00014050004443788566
2017-01-07 22:26:00,162.899,7.023283899896204e-07,162.89914021556032,0.00014091788870018718
2017-01-07 22:27:00,162.899,7.023292995629945e-07,162.89913996378064,0.00014066610992813366
2017-01-07 22:28:00,167.613,7.023245577726737e-07,167.6131417253247,0.00014242764927985263
2017-01-07 22:29:00,153.408,7.023217141212797e-07,153.4081391759624,0.00013987828413064562
2017-01-07 22:30:00,127.522,7.023403465789306e-07,127.52213192608245,0.00013262842279004872
2017-01-07 22:31:00,127.522,7.023409387553307e-07,127.52213379618132,0.0001344985222573314
2017-01-07 22:32:00,119.897,7.023509426448389e-07,119.89713028932815,0.00013099167908592335
2017-01-07 22:33:00,131.448,7.023322216049839e-07,131.44813193951833,0.00013264185054140398
2017-01-07 22:34:00,122.793,7.023501122860537e-07,122.79312997216178,0.00013067451187964707
2017-01-07 22:35:00,141.928,7.023203261897348e-07,141.9281343873621,0.00013508968243058916
2017-01-07 22:36:00,162.76,7.02304834041101e-07,162.76014010558652,0.00014080789136983185
2017-01-07 22:37:00,139.163,7.02316253393327e-07,139.1631336556979,0.00013435801412242654
2017-01-07 22:38:00,151.784,7.023054564237531e-07,151.78413670040447,0.00013740270992457226
2017-01-07 22:39:00,166.472,7.023091118875293e-07,166.4721401889127,0.00014089122180394043
2017-01-07 22:40:00,159.029,7.023085702671648e-07,159.02913820674007,0.00013890904864410913
2017-01-07 22:41:00,138.862,7.024094614647286e-07,138.86212091451864,0.00012161692811218927
2017-01-07 22:42:00,127.189,7.024050348230446e-07,127.18911886173805,0.00011956414309111096
2017-01-07 22:43:00,141.856,7.024091603711872e-07,141.85612140678393,0.000122109193085862
2017-01-07 22:44:00,141.602,7.024076025349027e-07,141.6021213296799,0.00012203208748928773
2017-01-07 22:45:00,141.602,7.024033941733788e-07,141.60212122707645,0.00012192947983180602
2017-01-07 22:46:00,149.526,7.022948527935966e-07,149.5261354284851,0.00013613077993568368
2017-01-07 22:47:00,149.526,7.022860459162907e-07,149.52613567490286,0.00013637718890890937
2017-01-07 22:48:00,124.502,7.023218976967381e-07,124.50212973015483,0.00013043247673749647
2017-01-07 22:49:00,124.502,7.023222419522189e-07,124.50212951922923,0.00013022155147268677
2017-01-07 22:50:00,114.447,7.023442004047042e-07,114.44712738014027,0.0001280824844656081
2017-01-07 22:51:00,114.447,7.023413804174727e-07,114.4471273310148,0.0001280333561766156
2017-01-07 22:52:00,106.523,7.023521833705008e-07,106.52312630258379,0.00012700493597606055
2017-01-07 22:53:00,106.523,7.023536300877179e-07,106.52312635325104,0.00012705560467907162
2017-01-07 22:54:00,106.523,7.023540166405817e-07,106.52312622201731,0.00012692437132955092
2017-01-07 22:55:00,114.824,7.02393224619798e-07,114.82411666159634,0.00011736398955974892
2017-01-07 22:56:00,121.512,7.02309650632671e-07,121.51212894850438,0.00012965081403137901
2017-01-07 22:57:00,114.824,7.023217705080055e-07,114.82412778083022,0.00012848315199676108
2017-01-07 22:58:00,114.824,7.023185590233384e-07,114.8241276931177,0.00012839543626341765
2017-01-07 22:59:00,114.824,7.023049142107772e-07,114.82412783773053,0.00012854003544759962
2017-01-07 23:00:00,85.435,7.02410453376739e-07,85.4351247285103,0.00012543092076100493
2017-01-07 23:01:00,85.435,7.02398182547272e-07,85.43512424471973,0.00012494711791077862
2017-01-07 23:02:00,92.094,7.023620449964887e-07,92.0941244496863,0.00012515204835494842
2017-01-07 23:03:00,92.094,7.023680710468479e-07,92.09412460573074,0.00012530809881639016
2017-01-07 23:04:00,92.094,7.023642914490651e-07,92.09412463512214,0.00012533748643761555
2017-01-07 23:05:00,79.473,7.024204380882558e-07,79.47312432233201,0.00012502475244957623
2017-01-07 23:06:00,65.248,7.025068760431805e-07,65.24812740894603,0.00012811145290925197
2017-01-07 23:07:00,65.248,7.025090716023988e-07,65.24812743379451,0.000128136303573001
2017-01-07 23:08:00,58.589,7.025599297734805e-07,58.589130821226355,0.0001315237862868912
2017-01-07 23:09:00,58.589,7.025553812759427e-07,58.58913080787372,0.00013151042910664046
2017-01-07 23:10:00,44.176,7.026868101895663e-07,44.17614558933906,0.00014629202586746715
2017-01-07 23:11:00,32.624,7.028501839507546e-07,32.62416513867218,0.00016584152236731597
2017-01-07 23:12:00,40.725,7.027183831454452e-07,40.725150973778554,0.0001516764969338169
2017-01-07 23:13:00,40.725,7.027061635775042e-07,40.72515096968441,0.00015167239057234383
2017-01-07 23:14:00,40.725,7.027189166219742e-07,40.725150723518766,0.0001514262376787201
2017-01-07 23:15:00,52.552,7.025726306533113e-07,52.552135166399864,0.00013586897249240337
2017-01-07 23:16:00,52.552,7.02568224139922e-07,52.55213514915074,0.00013585171896579595
2017-01-07 23:17:00,25.139,7.030512433750996e-07,25.13917597688722,0.00017667993846259833
2017-01-07 23:18:00,25.139,7.030441648680618e-07,25.139175822038474,0.00017652508264021094
2017-01-07 23:19:00,35.879,7.027478416749602e-07,35.87915888309588,0.0001595858437255515
2017-01-07 23:20:00,18.841,7.03473103402032e-07,18.841171620165607,0.00017232363870789413
2017-01-07 23:21:00,18.841,7.034785128763734e-07,18.84117141859654,0.00017212207505323818
2017-01-07 23:22:00,18.841,7.034116636246669e-07,18.841170551719497,0.00017125513116056368
2017-01-07 23:23:00,10.74,7.047685949693926e-07,10.740124984276221,0.00012568904481646825
2017-01-07 23:24:00,27.299,7.029296075376838e-07,27.29917187305329,0.00017257598289788234
2017-01-07 23:25:00,27.299,7.029233486915542e-07,27.299171625384695,0.0001723283080430349
2017-01-07 23:26:00,27.299,7.029176051270896e-07,27.299171530843303,0.00017223376091024534
2017-01-07 23:27:00,27.299,7.029108747280552e-07,27.299171282741405,0.00017198565227971585
2017-01-07 23:28:00,0.0,0.0,0.0,0.0
2017-01-07 23:29:00,0.0,0.0,0.0,0.0
2017-01-07 23:30:00,0.0,0.0,0.0,0.0
2017-01-07 23:31:00,0.0,0.0,0.0,0.0
2017-01-07 23:32:00,0.0,0.0,0.0,0.0
2017-01-07 23:33:00,0.0,0.0,0.0,0.0
2017-01-07 23:34:00,0.0,0.0,0.0,0.0
2017-01-07 23:35:00,0.0,0.0,0.0,0.0
2017-01-07 23:36:00,0.0,0.0,0.0,0.0
2017-01-07 23:37:00,0.0,0.0,0.0,0.0
2017-01-07 23:38:00,0.0,0.0,0.0,0.0
2017-01-07 23:39:00,0.0,0.0,0.0,0.0
2017-01-07 23:40:00,0.0,0.0,0.0,0.0
2017-01-07 23:41:00,0.0,0.0,0.0,0.0
2017-01-07 23:42:00,0.0,0.0,0.0,0.0
2017-01-07 23:43:00,0.0,0.0,0.0,0.0
2017-01-07 23:44:00,0.0,0.0,0.0,0.0
2017-01-07 23:45:00,0.0,0.0,0.0,0.0
2017-01-07 23:46:00,0.0,0.0,0.0,0.0
2017-01-07 23:47:00,0.0,0.0,0.0,0.0
2017-01-07 23:48:00,0.0,0.0,0.0,0.0
2017-01-07 23:49:00,0.0,0.0,0.0,0.0
2017-01-07 23:50:00,0.0,0.0,0.0,0.0
2017-01-07 23:51:00,0.0,0.0,0.0,0.0
2017-01-07 23:52:00,13.123,7.039741028827708e-07,13.123146124828345,0.00014682880244798469
2017-01-07 23:53:00,13.123,7.035484011142841e-07,13.123144192492193,0.00014489604059519934
2017-01-07 23:54:00,13.123,7.035356666725142e-07,13.123144139699537,0.0001448432352049167
2017-01-07 23:55:00,0.0,0.0,0.0,0.0
2017-01-07 23:56:00,13.369,7.02764857254227e-07,13.369140181684829,0.0001408844496868511
2017-01-07 23:57:00,0.0,0.0,0.0,0.0
2017-01-07 23:58:00,0.0,0.0,0.0,0.0
2017-01-07 23:59:00,0.0,0.0,0.0,0.0
